net,length_um
net583,1.90682mm
net702,1.79866mm
net544,1.79288mm
net524,1.752775mm
net784,1.71856mm
net533,1.71702mm
net629,1.71606mm
net616,1.68078mm
net648,1.62372mm
net602,1.5849mm
net523,1.56624mm
net775,1.5645mm
net798,1.50858mm
_1816_,1.47078mm
net534,1.46692mm
net519,1.45924mm
net564,1.45527mm
net812,1.4527mm
net589,1.44344mm
net674,1.40273mm
net811,1.4026mm
net563,1.39966mm
_2163_,1.39785mm
_1856_,1.38592mm
net727,1.3856mm
net32,1.37554mm
net511,1.37354mm
net554,1.36622mm
net619,1.35574mm
net510,1.35304mm
net548,1.34792mm
_1999_,1.3432mm
net355,1.31378mm
net566,1.31339mm
net444,1.31204mm
net803,1.29653mm
_1478_,1.28094mm
_1696_,1.2734mm
net584,1.26542mm
net654,1.263075mm
net659,1.25905mm
_1948_,1.25574mm
_2030_,1.24918mm
_1769_,1.24254mm
_1947_,1.24078mm
_1773_,1.24034mm
net431,1.23858mm
_1481_,1.23574mm
_1772_,1.22592mm
net669,1.2256mm
net561,1.21514mm
net138,1.2127mm
_0433_,1.20594mm
net470,1.20222mm
net670,1.19356mm
_1523_,1.18976mm
_1928_,1.1895mm
net137,1.18858mm
_0434_,1.18362mm
net47,1.17328mm
net76,1.1705mm
_1415_,1.16874mm
net173,1.16654mm
_1843_,1.15038mm
_0385_,1.14054mm
net258,1.13492mm
net668,1.12602mm
_1447_,1.11214mm
_0435_,1.10694mm
net498,1.10473mm
_0500_,1.10336mm
net630,1.09034mm
_2077_,1.08114mm
net667,1.0793mm
net406,1.07072mm
clknet_2_3_0_clk,1.06994mm
clk,1.05921mm
_2089_,1.05288mm
net374,1.035385mm
net375,1.03078mm
_1836_,1.02228mm
net376,1.01928mm
net568,1.01455mm
net671,1.00197mm
net672,991.37µm
net559,987.175µm
net377,977.21µm
_1831_,975.34µm
net752,963.5µm
_1872_,960.42µm
net497,956.9µm
net465,954.8µm
clknet_5_1__leaf_clk,941.02µm
net499,940.26µm
net553,939.74µm
_0583_,937.64µm
_1689_,935.96µm
_2171_,928.38µm
_2172_,926.9µm
_1621_,924.84µm
net373,915.02µm
net500,902.9µm
net372,902.38µm
net82,901.52µm
net336,896.34µm
net543,896.08µm
net114,894.58µm
net545,893.29µm
_1685_,889.62µm
_1763_,885.82µm
_1761_,884.02µm
_1993_,878.1µm
net457,878.02µm
net461,871.805µm
net347,871.3µm
net513,870.885µm
_1767_,869.12µm
net573,864.68µm
net512,856.04µm
_1990_,855.04µm
_1850_,851.12µm
net458,834.74µm
net407,832.53µm
net460,830.535µm
net409,830.385µm
_1920_,829.76µm
_1676_,825.08µm
net113,823.78µm
_1688_,821.24µm
net89,813µm
net408,811.25µm
net754,810.62µm
net537,808.67µm
net207,806.62µm
clknet_2_1_0_clk,805.56µm
clknet_2_2_0_clk,804.1µm
clknet_5_24__leaf_clk,803.74µm
net647,802.7µm
net369,801.62µm
net358,800.94µm
_1805_,781.48µm
net100,771.74µm
_1931_,769.54µm
net149,768.98µm
net78,768.54µm
net531,767.44µm
net547,752.2µm
_1827_,751.54µm
net483,748.44µm
net111,745.12µm
net447,744.02µm
net774,739.5µm
_1834_,732.68µm
_1734_,729.02µm
clknet_1_0_0_clk,723.18µm
net482,719.88µm
net151,718.75µm
net150,716.3µm
net751,716.26µm
_2027_,714.12µm
net446,711.67µm
_1900_,711.36µm
_1903_,708.88µm
clknet_1_1_0_clk,708.62µm
clknet_0_clk,707.96µm
_2098_,699.06µm
_2169_,696.7µm
clknet_2_0_0_clk,694.66µm
_1915_,684.26µm
net25,681.92µm
_2091_,681µm
net743,680.18µm
net414,678.14µm
net477,674.67µm
_2351_,673.6µm
net335,673.32µm
net478,673.21µm
_0335_,671.14µm
_0334_,669.06µm
_1440_,668.94µm
_2268_,667.56µm
_2119_,665.64µm
_1802_,655.68µm
_0375_,652.02µm
_0396_,647.68µm
net156,638.62µm
net560,638.28µm
_1441_,637.28µm
_1479_,636.555µm
_0301_,625.06µm
_0378_,624.88µm
_1926_,618.48µm
gen_pe\[0\].pe_inst.out_right\[19\],615.52µm
gen_pe\[0\].pe_inst.out_right\[16\],614.44µm
net582,611.52µm
_2178_,610.12µm
_1791_,608.38µm
net538,606.64µm
net666,601.63µm
_1792_,599.76µm
gen_pe\[0\].pe_inst.out_right\[17\],596.18µm
net588,593.18µm
gen_pe\[0\].pe_inst.out_right\[18\],592.34µm
net462,589.58µm
_0285_,589.52µm
gen_pe\[5\].pe_inst.out_right\[14\],582.44µm
clknet_5_19__leaf_clk,573.98µm
gen_pe\[1\].pe_inst.out_right\[7\],571.5µm
net592,566.12µm
net381,564.88µm
net403,563.3µm
_1799_,563.04µm
net464,560.76µm
_2352_,557.76µm
net593,557.3µm
net204,556.62µm
_2244_,556.32µm
net83,553.94µm
_1485_,552.42µm
net337,546.76µm
net341,540.345µm
net342,537.685µm
_2217_,537.46µm
net392,536.54µm
_1801_,532.54µm
net241,528.88µm
_2101_,527.82µm
net591,526.82µm
net637,526.68µm
_0286_,526.4µm
net463,520.6µm
net627,518.5µm
net753,514.88µm
net339,513.56µm
_2103_,513.4µm
_1543_,509.3µm
net615,508.3µm
clknet_5_16__leaf_clk,504.78µm
net240,501.62µm
net334,498µm
_0346_,496.42µm
net206,494.18µm
_0343_,493.82µm
net340,492.94µm
_1484_,492.38µm
net600,489.4µm
_2067_,483.54µm
_1634_,478.52µm
net782,476µm
net797,471.26µm
net338,469.24µm
net299,465.72µm
_2064_,464.38µm
net205,463.68µm
net810,463.28µm
net371,460.5µm
net653,448.68µm
clknet_5_25__leaf_clk,447.86µm
net636,436.2µm
net378,433.34µm
net120,433.02µm
net115,428µm
net590,418.72µm
net726,416.2µm
clknet_5_30__leaf_clk,416.06µm
clknet_5_5__leaf_clk,415.98µm
net116,410.46µm
clknet_5_13__leaf_clk,408.82µm
clknet_5_28__leaf_clk,406.9µm
_1460_,398.56µm
net565,396.4µm
net562,395.12µm
clknet_5_22__leaf_clk,394.9µm
net346,390.46µm
net309,389.11µm
net515,387.895µm
net646,384.29µm
net787,384.04µm
clknet_5_7__leaf_clk,381.35µm
_2092_,380µm
net673,376.22µm
net610,374.48µm
_2106_,373.5µm
_1515_,370.7µm
net792,369.62µm
net708,368.6µm
net641,365.67µm
_0575_,364.92µm
net681,362.12µm
_0578_,361.1µm
_1932_,357.235µm
net749,356.74µm
net631,356.18µm
_1992_,354.82µm
net701,350.96µm
_0579_,348.98µm
_1428_,347.4µm
clknet_5_18__leaf_clk,347.36µm
net556,347.19µm
_1643_,344.88µm
net316,344.55µm
net613,343.26µm
net605,340.64µm
net785,339.38µm
net604,338.5µm
net780,338.04µm
net801,337.46µm
net598,336.14µm
net535,334.85µm
net362,333.775µm
net575,333.38µm
net521,333.24µm
clknet_5_12__leaf_clk,333.18µm
_2321_,333.02µm
net662,332.57µm
net608,332.35µm
net639,331.245µm
net806,331.195µm
net635,330.59µm
net525,328.1µm
net618,324.96µm
net642,324.895µm
net468,324.63µm
net791,324.37µm
net467,323.015µm
net594,320.94µm
net597,320.56µm
net603,320.12µm
net326,319.3µm
net795,317.6µm
net788,317.38µm
net617,316.955µm
net596,316.88µm
net504,316.2µm
net660,315.5µm
net773,314.2µm
net485,311.44µm
net344,309.2µm
net496,308.99µm
net804,308.92µm
net625,308.02µm
_0549_,307.56µm
net621,307.38µm
net330,304.94µm
net624,304.32µm
_2135_,301.08µm
clknet_5_20__leaf_clk,300.66µm
_2068_,300.3µm
net327,300.095µm
_0486_,299.28µm
net283,298.97µm
net799,298.82µm
net786,298.06µm
net273,296.64µm
net640,296.585µm
net776,295.64µm
clknet_5_23__leaf_clk,295.32µm
net651,293.93µm
net622,293.9µm
net18,293.78µm
net645,293.745µm
net738,293.4µm
clknet_5_31__leaf_clk,290.22µm
clknet_4_10_0_clk,289µm
clknet_5_11__leaf_clk,288.56µm
net611,287.84µm
net502,287.54µm
net466,287.525µm
net606,287.49µm
net808,287.04µm
_1675_,286.42µm
net661,286.06µm
_1726_,285.96µm
clknet_5_29__leaf_clk,285µm
net809,284.855µm
net601,284.32µm
net664,284.065µm
net634,284.06µm
net778,283.99µm
net493,283.26µm
net725,283.12µm
net657,281.08µm
net572,281.06µm
net266,279.52µm
net633,278.42µm
clknet_5_6__leaf_clk,276.32µm
net779,273.2µm
net807,272.8µm
net505,272.66µm
net658,272.38µm
net649,272.22µm
_0516_,271.84µm
net777,271.66µm
net742,271.62µm
net783,270.88µm
net794,270.12µm
net77,269.34µm
net737,268.68µm
net655,267.89µm
net638,267.78µm
net781,267.7µm
net626,266.44µm
_1775_,265.72µm
net595,264.94µm
_0576_,264.46µm
clknet_5_14__leaf_clk,263.83µm
net571,262.54µm
net805,262.3µm
net284,262.04µm
net290,261.91µm
net796,261.86µm
net720,261.64µm
net652,261.32µm
_0485_,260.44µm
net574,260.295µm
net450,259.76µm
net268,258.82µm
clknet_5_9__leaf_clk,258.75µm
net793,258.22µm
net789,258.16µm
clknet_5_27__leaf_clk,257.18µm
net271,256.74µm
clknet_4_12_0_clk,256.24µm
net790,254.64µm
net802,254.04µm
net555,252.66µm
net277,252.34µm
net747,251.96µm
net328,250.815µm
net623,250.28µm
net285,249.85µm
net301,249.26µm
net280,248.605µm
net296,248.02µm
clknet_4_9_0_clk,247.16µm
net8,246.68µm
net494,246.1µm
net304,245.82µm
net360,245.76µm
net529,245.28µm
net599,244.66µm
_1680_,244.62µm
net644,244.18µm
_1631_,243.82µm
net263,243.58µm
net665,241.58µm
net580,241.44µm
clknet_4_7_0_clk,238.9µm
net686,238.46µm
net757,238.24µm
net682,237.2µm
net343,236.96µm
net567,236.2µm
net15,236.04µm
net578,235.52µm
net262,235.14µm
net311,234.92µm
net242,233.88µm
clknet_5_3__leaf_clk,233.68µm
net663,233.27µm
net541,233.22µm
clknet_5_21__leaf_clk,232.3µm
net557,231.92µm
net632,231.92µm
net620,231.64µm
clknet_4_13_0_clk,231.12µm
net551,229.96µm
net487,229.76µm
net282,229.73µm
net741,229.2µm
net329,228.78µm
net699,228.69µm
net320,227.98µm
clknet_4_0_0_clk,227.86µm
net291,227.83µm
_0550_,227.75µm
net516,226.02µm
net688,225.845µm
clknet_5_26__leaf_clk,225.82µm
net455,224.68µm
net321,224.08µm
net279,224µm
net264,223.94µm
clknet_5_4__leaf_clk,223.5µm
net307,223.26µm
net728,222.98µm
net456,222.8µm
net712,222.74µm
net495,222.66µm
clknet_4_1_0_clk,222.64µm
net449,222.32µm
net313,221.775µm
clknet_4_8_0_clk,221.66µm
net364,221.625µm
clknet_5_17__leaf_clk,221.46µm
net379,220.615µm
net310,220µm
net274,219.2µm
net305,219.2µm
_1715_,219.04µm
net577,218.52µm
net706,218.38µm
_0548_,217.7µm
net692,217.56µm
net361,216.81µm
net528,216.12µm
net389,215.84µm
net276,215.64µm
net363,215.02µm
_1679_,214.48µm
net472,214.44µm
clknet_5_0__leaf_clk,214.42µm
clknet_4_11_0_clk,214.32µm
net260,213.76µm
clknet_4_6_0_clk,213.54µm
clknet_5_2__leaf_clk,213.44µm
net471,213.16µm
clknet_4_3_0_clk,212.96µm
net438,212.14µm
net490,211.7µm
net707,211.64µm
net16,211.36µm
net759,211.12µm
net696,210.92µm
net501,210.36µm
net308,209.86µm
net526,208.24µm
net684,207.98µm
net399,207.7µm
net269,207.64µm
net643,207.54µm
net318,207.3µm
net322,207.26µm
net539,206.86µm
net302,206.38µm
net384,206.32µm
clknet_4_2_0_clk,205.22µm
net569,205.18µm
net319,204.92µm
net772,204.56µm
net724,204.08µm
net306,203.98µm
net709,203.9µm
net278,202.32µm
net587,201.52µm
net609,201.16µm
net586,201.06µm
net125,199.9µm
net767,199.1µm
net744,199.08µm
net607,199.06µm
net758,198.26µm
net579,198.12µm
net761,197.92µm
net122,197.46µm
net714,197.34µm
net763,196.16µm
net676,196.08µm
net718,196.06µm
net717,195.82µm
net200,195.58µm
net732,195.36µm
net735,195.3µm
net440,194.28µm
net286,194.14µm
net488,194.12µm
net730,193.275µm
net315,192.725µm
net770,192.2µm
net508,191.76µm
net755,191µm
net733,190.48µm
net366,190.085µm
net536,189.74µm
net359,189.72µm
net356,188.62µm
net518,187.64µm
net678,187.6µm
net469,187.48µm
net354,187.34µm
net199,186.66µm
net694,186.62µm
net628,186.38µm
net202,185.14µm
net766,184.47µm
net723,184.19µm
net750,183.82µm
net691,183.74µm
net62,183.6µm
net760,183.08µm
net385,182.46µm
clknet_5_10__leaf_clk,181.7µm
net476,180.335µm
net265,180.22µm
net367,179.38µm
net650,179.31µm
_1976_,179.2µm
net480,178.36µm
net710,177.34µm
net345,176.64µm
net576,176.15µm
net739,175.74µm
net486,175.555µm
net475,175.16µm
net300,175.12µm
net81,174.82µm
net254,174.68µm
net506,174.42µm
net540,174.3µm
net333,174.02µm
net352,173.44µm
net293,172.96µm
net275,172.68µm
net349,172.16µm
clknet_5_8__leaf_clk,170.6µm
net721,170.405µm
net26,169.8µm
net489,169.43µm
net585,169.26µm
_1923_,169.18µm
net317,169µm
net235,168.52µm
net323,168.34µm
net267,167.98µm
net396,167.68µm
net332,167.54µm
net253,167.44µm
net272,167.22µm
net239,167.16µm
net238,167.08µm
net614,166.84µm
net680,166.13µm
net716,166µm
_2032_,165.86µm
net675,165.75µm
net59,165.12µm
net312,164.515µm
net695,164.28µm
net703,164.1µm
_2131_,163.94µm
_1882_,163.42µm
net244,163.04µm
net331,163.02µm
net693,162.9µm
net295,162.4µm
net294,161.9µm
_1651_,161.8µm
net203,161.64µm
_2144_,161.1µm
net520,161.02µm
net697,160.86µm
net507,160.82µm
net769,160.4µm
net445,160.36µm
net745,159.4µm
net474,159.28µm
clknet_5_15__leaf_clk,158.64µm
_2013_,158.62µm
_1436_,158.58µm
net393,158.56µm
net80,157.58µm
net690,157.44µm
net765,156.735µm
_0425_,155.7µm
net348,155.66µm
_2042_,155.52µm
_1998_,155.18µm
net731,155.09µm
net491,154.94µm
_1876_,154.28µm
net246,153.94µm
net88,153.54µm
net176,153.44µm
net527,153.22µm
_2094_,153.12µm
net442,153.05µm
_1705_,152.64µm
net509,152.525µm
net430,151.6µm
net768,151.42µm
_2102_,151.32µm
net60,151.04µm
_1864_,150.92µm
net656,150.84µm
net236,150.7µm
net391,150.5µm
net68,150.02µm
net685,149.02µm
net353,148.24µm
net386,148.14µm
net237,147.62µm
_1674_,147.54µm
net612,146.76µm
net22,146.5µm
net689,146.46µm
_2017_,146.36µm
_2164_,145.16µm
net713,145.06µm
net247,145.04µm
net48,144.64µm
net705,144.345µm
net413,144.22µm
net243,144.06µm
net212,143.48µm
net435,143.455µm
net261,142.84µm
net219,142.72µm
net679,142.71µm
net33,142.36µm
net443,142.11µm
_1768_,141.7µm
net452,141.01µm
net129,140.68µm
net453,140.4µm
net380,139.995µm
_2132_,139.12µm
net84,138.58µm
net401,137.78µm
net395,137.46µm
net771,137.1µm
net44,136.92µm
_1435_,136.72µm
_1918_,136.06µm
net441,136.02µm
_1783_,135.9µm
net209,135.86µm
net19,135µm
net350,134.4µm
_2015_,133.45µm
net21,133.22µm
net225,133.04µm
_1732_,132.94µm
net220,132.46µm
net550,131.92µm
_2008_,131.72µm
net289,131.605µm
net224,131.6µm
_2001_,131.3µm
_1437_,131.04µm
_1462_,130.3µm
net552,130.17µm
net17,129.66µm
net484,129.34µm
net517,128.32µm
_2049_,128.3µm
_1788_,127.46µm
net69,127.16µm
net41,127.08µm
net42,127.04µm
net698,126.72µm
net473,126.02µm
net729,125.99µm
_1789_,125.96µm
net398,125.78µm
clknet_4_5_0_clk,125.44µm
net211,125.14µm
net324,125.12µm
net368,125.105µm
net365,124.92µm
net24,124.52µm
_2066_,124.3µm
net581,124.005µm
net1100,123µm
_2063_,122.42µm
_1725_,121.6µm
net700,121.58µm
net79,120.96µm
net394,120.56µm
net434,119.975µm
net61,119.9µm
_1539_,119.57µm
net736,118.98µm
net255,118.66µm
_0639_,118.4µm
net351,118.345µm
net746,118.18µm
_1434_,117.7µm
net94,117.62µm
net103,117.56µm
net218,117.04µm
net259,116.6µm
net248,116.42µm
net428,116.04µm
net390,114.76µm
net20,114.68µm
net570,114.26µm
net27,114.22µm
net43,113.9µm
net57,113.88µm
clknet_leaf_187_clk,113.54µm
net388,112.58µm
net155,112.26µm
_1844_,112.22µm
net425,111.86µm
net35,111.72µm
net104,110.92µm
net421,109.67µm
net357,109.46µm
net383,109.415µm
net70,109.24µm
net412,108.82µm
net298,108.6µm
net49,107.86µm
net252,107.52µm
net187,107µm
net762,106.64µm
net217,105.7µm
net549,105.46µm
net96,105.32µm
net756,105.06µm
net400,104.92µm
net530,104.7µm
_1800_,104.1µm
net161,103.8µm
net677,103.62µm
net98,103.3µm
net387,102.76µm
clknet_4_4_0_clk,102.26µm
net546,101.77µm
net503,101.64µm
net55,101.44µm
net46,101.16µm
_1487_,100.845µm
net800,100.63µm
_1538_,100.165µm
net558,100.1µm
net532,99.86µm
net522,99.78µm
net50,99.68µm
net415,99.58µm
net479,99.5µm
net764,99µm
net14,98.24µm
net303,98.1µm
clknet_4_14_0_clk,97.88µm
net145,97.76µm
net52,96.22µm
net54,95.98µm
net287,95.8µm
net432,95.42µm
_0230_,95.1µm
_2105_,95.02µm
net687,94.42µm
net63,93.84µm
net748,93.24µm
_1790_,93.18µm
net683,92.98µm
_1470_,92.42µm
net436,92.04µm
net53,91.78µm
_2337_,91.58µm
net437,91.48µm
net433,91.42µm
net58,91.22µm
net106,91.16µm
net704,91.06µm
net715,90.46µm
net11,90.4µm
_0557_,90µm
net140,89.54µm
clknet_4_15_0_clk,89.38µm
_1537_,89.28µm
net229,89.16µm
net95,88.76µm
net233,88.66µm
net429,88.46µm
net71,88.32µm
net36,87.86µm
net92,87.84µm
net542,87.355µm
net222,87.06µm
net213,86.98µm
net9,86.96µm
clknet_leaf_141_clk,86.72µm
net711,86.28µm
net97,86.22µm
_2116_,86.1µm
net740,85.545µm
net135,85.2µm
net73,85.12µm
_1517_,84.92µm
net382,84.62µm
clknet_leaf_44_clk,84.58µm
net734,84.18µm
clknet_leaf_39_clk,84.16µm
net91,83.56µm
net314,83.175µm
clknet_leaf_27_clk,82.76µm
net257,82.62µm
net119,82.46µm
net102,81.92µm
net454,81.46µm
_1540_,81.14µm
_1427_,81.1µm
net86,81.02µm
_2280_,80.86µm
net13,80.7µm
net719,80.64µm
_2177_,80.6µm
net154,80.54µm
gen_pe\[0\].pe_inst.out_right\[23\],80.5µm
net6,80.46µm
net451,79.58µm
_2071_,79.36µm
net130,79.32µm
net51,79.3µm
_2053_,79.28µm
net38,79.28µm
net297,79.26µm
_2073_,78.24µm
_1534_,78.16µm
clknet_leaf_2_clk,78.02µm
net210,77.92µm
clknet_leaf_15_clk,77.68µm
clknet_leaf_200_clk,77.68µm
net105,77.52µm
clknet_leaf_53_clk,77.4µm
clknet_leaf_29_clk,77.14µm
clknet_leaf_77_clk,76.9µm
net7,76.88µm
net1,76.64µm
_1973_,76.56µm
net226,76.52µm
_1493_,76.32µm
_1492_,76.12µm
clknet_leaf_180_clk,75.68µm
net28,75.64µm
_1463_,75.56µm
net397,75.52µm
_1430_,75.36µm
_1471_,75.3µm
net427,75.23µm
net90,75.14µm
net722,74.92µm
_2141_,74.86µm
_1661_,74.84µm
_1519_,74.66µm
net10,74.64µm
clknet_leaf_5_clk,74.42µm
_1465_,74.315µm
_1426_,74.18µm
net1158,74.04µm
_1477_,74.02µm
_1658_,73.7µm
_2108_,73.64µm
_1464_,73.62µm
_1507_,73.46µm
_2338_,73.42µm
gen_left\[5\]\[4\],72.98µm
_1472_,72.74µm
_1490_,72.56µm
gen_pe\[0\].pe_inst.out_right\[26\],72.4µm
net288,71.7µm
_1468_,71.235µm
net411,70.82µm
clknet_leaf_17_clk,70.78µm
clknet_leaf_115_clk,70.42µm
net221,70.02µm
_2076_,70µm
net230,69.96µm
net123,69.64µm
_2243_,69.62µm
net66,69.2µm
clknet_leaf_110_clk,69.2µm
clknet_leaf_116_clk,69.2µm
clknet_leaf_130_clk,68.8µm
net448,68.735µm
clknet_leaf_131_clk,68.6µm
clknet_leaf_206_clk,68.6µm
net422,68.26µm
net142,68.24µm
clknet_leaf_193_clk,68.18µm
net184,68.16µm
clknet_leaf_196_clk,68.12µm
clknet_leaf_52_clk,68µm
_1662_,67.86µm
clknet_leaf_84_clk,67.84µm
_1712_,67.74µm
net5,67.74µm
clknet_leaf_20_clk,67.11µm
net126,66.92µm
clknet_leaf_111_clk,66.8µm
_0228_,66.72µm
clknet_leaf_228_clk,66.62µm
_2107_,66.06µm
net419,66.02µm
_2136_,65.86µm
clknet_leaf_10_clk,65.54µm
net423,65.52µm
clknet_leaf_37_clk,65.42µm
net85,65.38µm
net439,65.02µm
_1488_,64.96µm
_1723_,64.64µm
_2114_,64.26µm
_1536_,64.24µm
net31,64.22µm
clknet_leaf_91_clk,64.12µm
_2051_,63.96µm
clknet_leaf_207_clk,63.92µm
net231,63.9µm
_0610_,63.84µm
clknet_leaf_60_clk,63.8µm
clknet_leaf_75_clk,63.48µm
net481,63.46µm
net214,63.38µm
clknet_leaf_219_clk,63µm
net1218,63µm
net405,62.95µm
_0631_,62.9µm
_1681_,62.82µm
clknet_leaf_170_clk,62.7µm
clknet_leaf_105_clk,62.62µm
clknet_leaf_68_clk,62.54µm
_2086_,62.5µm
clknet_leaf_64_clk,62.24µm
_1718_,62.2µm
clknet_leaf_42_clk,62.16µm
clknet_leaf_3_clk,62.1µm
_1647_,62.04µm
_1657_,61.92µm
clknet_leaf_71_clk,61.8µm
_0242_,61.46µm
clknet_leaf_143_clk,61.4µm
clknet_leaf_76_clk,61.3µm
net402,61.24µm
clknet_leaf_123_clk,61.24µm
net492,60.85µm
_1784_,60.82µm
_1660_,60.74µm
clknet_leaf_182_clk,60.7µm
clknet_leaf_165_clk,60.46µm
clknet_leaf_223_clk,60.33µm
clknet_leaf_45_clk,60.26µm
_1716_,60.24µm
net404,60.22µm
net325,59.96µm
_1505_,59.92µm
clknet_leaf_150_clk,59.86µm
clknet_leaf_124_clk,59.66µm
clknet_leaf_224_clk,59.48µm
_1756_,59.42µm
_1968_,59.4µm
_2203_,59.28µm
clknet_leaf_30_clk,59.24µm
clknet_leaf_134_clk,59.1µm
clknet_leaf_89_clk,58.84µm
net182,58.76µm
clknet_leaf_104_clk,58.66µm
clknet_leaf_199_clk,58.64µm
clknet_leaf_12_clk,58.62µm
net87,58.16µm
clknet_leaf_114_clk,58.12µm
_1785_,58.035µm
_1491_,57.52µm
net410,57.4µm
net189,57.28µm
net249,57.12µm
_1429_,56.72µm
clknet_leaf_69_clk,56.72µm
net153,56.66µm
net370,56.66µm
_1936_,56.56µm
_2072_,56.52µm
_1541_,56.46µm
net185,56.2µm
net118,55.88µm
_2109_,55.8µm
net459,55.74µm
clknet_leaf_83_clk,55.68µm
clknet_leaf_167_clk,55.56µm
clknet_leaf_121_clk,55.46µm
clknet_leaf_118_clk,55.42µm
_1644_,55.14µm
gen_pe\[2\].pe_inst.out_right\[3\],55.14µm
_0611_,54.66µm
net133,54.58µm
net121,54.36µm
_1443_,54.34µm
clknet_leaf_175_clk,54.3µm
clknet_leaf_230_clk,54.16µm
clknet_leaf_36_clk,54.12µm
clknet_leaf_195_clk,54.04µm
_2041_,53.74µm
clknet_leaf_197_clk,53.66µm
clknet_leaf_63_clk,53.54µm
net108,53.3µm
clknet_leaf_185_clk,53.28µm
net418,53.24µm
_1828_,53.23µm
clknet_leaf_87_clk,53.18µm
clknet_leaf_78_clk,53µm
_1411_,52.8µm
clknet_leaf_101_clk,52.78µm
_0577_,52.545µm
clknet_leaf_169_clk,52.5µm
net131,52.48µm
gen_pe\[0\].pe_inst.out_right\[24\],52.32µm
clknet_leaf_191_clk,52.12µm
net228,52.04µm
clknet_leaf_144_clk,51.88µm
_0276_,51.865µm
clknet_leaf_128_clk,51.66µm
clknet_leaf_86_clk,51.6µm
clknet_leaf_149_clk,51.52µm
_1421_,51.5µm
clknet_leaf_32_clk,51.45µm
_1542_,51.34µm
clknet_leaf_43_clk,51.32µm
_1503_,51.255µm
net837,51.04µm
net426,50.92µm
net72,50.7µm
clknet_leaf_166_clk,50.68µm
clknet_leaf_192_clk,50.66µm
clknet_leaf_179_clk,50.62µm
_1609_,50.48µm
clknet_leaf_137_clk,50.46µm
clknet_leaf_133_clk,50.44µm
_1535_,50.26µm
net292,50.04µm
_2205_,50.02µm
net183,49.8µm
clknet_leaf_48_clk,49.78µm
clknet_leaf_112_clk,49.78µm
clknet_leaf_4_clk,49.4µm
clknet_leaf_136_clk,49.36µm
clknet_leaf_82_clk,49.28µm
clknet_leaf_186_clk,49.24µm
gen_left\[6\]\[5\],49.06µm
gen_pe\[5\].pe_inst.out_right\[9\],49.04µm
net416,48.94µm
net93,48.84µm
clknet_leaf_26_clk,48.83µm
net281,48.725µm
_1533_,48.72µm
clknet_leaf_92_clk,48.72µm
_1611_,48.58µm
_0397_,48.52µm
clknet_leaf_9_clk,48.32µm
_1510_,48.2µm
clknet_leaf_168_clk,48.2µm
net177,48.14µm
gen_left\[6\]\[11\],48µm
net216,47.98µm
_0213_,47.705µm
_1452_,47.66µm
_1499_,47.62µm
_1787_,47.56µm
net245,47.56µm
_2270_,47.44µm
clknet_leaf_88_clk,47.38µm
clknet_leaf_226_clk,47.14µm
clknet_leaf_176_clk,47.1µm
clknet_leaf_13_clk,46.92µm
clknet_leaf_164_clk,46.86µm
clknet_leaf_80_clk,46.82µm
_1819_,46.8µm
clknet_leaf_72_clk,46.72µm
_1672_,46.68µm
_2055_,46.64µm
_1455_,46.62µm
clknet_leaf_21_clk,46.545µm
clknet_leaf_34_clk,46.14µm
clknet_leaf_46_clk,45.94µm
clknet_leaf_129_clk,45.8µm
_0277_,45.74µm
_2336_,45.64µm
gen_pe\[2\].pe_inst.out_right\[25\],45.52µm
net1232,45.14µm
_1500_,44.84µm
clknet_leaf_62_clk,44.82µm
clknet_leaf_33_clk,44.68µm
_1467_,44.58µm
clknet_leaf_190_clk,44.54µm
clknet_leaf_119_clk,44.52µm
clknet_leaf_93_clk,44.38µm
clknet_leaf_156_clk,44.38µm
net227,44.36µm
_2341_,44.12µm
_1453_,44.065µm
clknet_leaf_173_clk,43.92µm
net167,43.84µm
clknet_leaf_7_clk,43.84µm
_2065_,43.64µm
clknet_leaf_113_clk,43.6µm
_1796_,43.44µm
clknet_leaf_103_clk,43.38µm
clknet_leaf_59_clk,43.26µm
_1422_,43µm
gen_left\[6\]\[16\],42.54µm
_2276_,42.4µm
net40,42.38µm
clknet_leaf_106_clk,42.38µm
net424,42.26µm
_1521_,42.24µm
net420,42.165µm
clknet_leaf_214_clk,42.16µm
clknet_leaf_184_clk,42.14µm
net417,42.1µm
_1456_,42.085µm
_2036_,42.08µm
net136,41.78µm
_2160_,41.54µm
_1625_,41.3µm
clknet_leaf_51_clk,41.18µm
_0475_,41.08µm
clknet_leaf_6_clk,41µm
clknet_leaf_189_clk,40.74µm
clknet_leaf_140_clk,40.48µm
gen_left\[2\]\[21\],40.36µm
_1890_,40.28µm
clknet_leaf_198_clk,40µm
clknet_leaf_18_clk,39.84µm
_0640_,39.82µm
net208,39.78µm
_1444_,39.66µm
_1522_,39.56µm
_1632_,39.545µm
_1489_,39.54µm
clknet_leaf_16_clk,39.54µm
clknet_leaf_28_clk,39.54µm
net107,39.36µm
_1960_,39.24µm
_2037_,39.24µm
_2343_,39.24µm
_2187_,39.22µm
net117,39.1µm
net134,39.1µm
_1905_,39.08µm
_1511_,39.06µm
_2237_,39.06µm
clknet_leaf_47_clk,38.98µm
clknet_leaf_14_clk,38.92µm
clknet_leaf_85_clk,38.86µm
_2190_,38.84µm
_0273_,38.82µm
net152,38.78µm
clknet_leaf_146_clk,38.74µm
net29,38.48µm
net109,38.44µm
clknet_leaf_181_clk,38.42µm
_1613_,38.32µm
clknet_leaf_215_clk,38.22µm
_1645_,38.08µm
clknet_leaf_205_clk,37.98µm
clknet_leaf_171_clk,37.74µm
net192,37.72µm
clknet_leaf_22_clk,37.57µm
clknet_leaf_23_clk,37.44µm
_2274_,37.4µm
_1908_,37.34µm
net3,37.3µm
_1758_,37.1µm
clknet_leaf_204_clk,36.98µm
_2263_,36.92µm
clknet_leaf_24_clk,36.84µm
clknet_leaf_95_clk,36.78µm
_0209_,36.74µm
_1527_,36.68µm
_1480_,36.48µm
clknet_leaf_172_clk,36.36µm
gen_pe\[2\].pe_inst.out_right\[7\],36.24µm
net64,36.18µm
net270,36.18µm
clknet_leaf_65_clk,36.1µm
net37,36.06µm
_0245_,35.72µm
_1809_,35.72µm
_1498_,35.48µm
clknet_leaf_127_clk,35.48µm
clknet_leaf_74_clk,35.42µm
clknet_leaf_138_clk,35.38µm
_1934_,35.32µm
clknet_leaf_8_clk,35.3µm
_0580_,35.22µm
clknet_leaf_25_clk,35.14µm
_2354_,34.94µm
_1664_,34.86µm
net198,34.72µm
_1475_,34.54µm
net101,34.5µm
net75,34.26µm
net127,34.26µm
clknet_leaf_162_clk,34.18µm
_2209_,34.12µm
_2146_,34.06µm
_1985_,33.94µm
_2183_,33.78µm
net514,33.6µm
_1513_,33.5µm
_1531_,33.42µm
clknet_leaf_38_clk,33.34µm
net180,32.88µm
net147,32.86µm
_1759_,32.7µm
_0556_,32.64µm
_1514_,32.62µm
_1877_,32.58µm
clknet_leaf_122_clk,32.42µm
_0481_,32.21µm
clknet_leaf_90_clk,32.16µm
_1694_,32.14µm
gen_pe\[4\].pe_inst.out_right\[13\],32.08µm
clknet_leaf_66_clk,32µm
clknet_leaf_152_clk,32µm
_1755_,31.96µm
_1528_,31.855µm
clknet_leaf_203_clk,31.74µm
_2180_,31.44µm
_2006_,31.4µm
_2149_,31.32µm
_1892_,30.82µm
_1942_,30.66µm
clknet_leaf_102_clk,30.5µm
_1786_,30.44µm
clknet_leaf_19_clk,30.42µm
_2120_,30.32µm
_2026_,30.16µm
_2085_,30.06µm
_1820_,30.04µm
_2273_,30.02µm
net188,29.94µm
_2225_,29.82µm
_2322_,29.52µm
net186,29.18µm
_1663_,29.16µm
_1691_,29.16µm
_1501_,29.12µm
gen_pe\[2\].pe_inst.out_right\[2\],29.1µm
_2145_,29.04µm
clknet_leaf_231_clk,29.02µm
_1635_,28.98µm
_2317_,28.96µm
_1666_,28.72µm
_1508_,28.62µm
_1950_,28.6µm
_2133_,28.58µm
clknet_leaf_229_clk,28.56µm
_0196_,28.52µm
_2201_,28.5µm
_1458_,28.44µm
_2269_,28.4µm
clknet_leaf_117_clk,28.4µm
clknet_leaf_70_clk,28.36µm
_1812_,28.28µm
_2328_,28.14µm
net168,28.1µm
_1888_,28.06µm
clknet_leaf_154_clk,27.96µm
_0369_,27.8µm
_2175_,27.8µm
_1425_,27.74µm
clknet_leaf_194_clk,27.64µm
clknet_leaf_49_clk,27.56µm
net234,27.54µm
_0295_,27.48µm
_1509_,27.36µm
_1700_,27.18µm
_1846_,27.18µm
_1970_,27.12µm
_1863_,27.08µm
_2339_,27.02µm
_1412_,26.92µm
_1506_,26.92µm
_2179_,26.9µm
_1466_,26.88µm
_2005_,26.8µm
_1420_,26.76µm
_1710_,26.74µm
_2128_,26.66µm
_1930_,26.64µm
gen_left\[2\]\[0\],26.64µm
_1476_,26.56µm
gen_left\[6\]\[15\],26.44µm
clknet_leaf_126_clk,26.44µm
_0202_,26.4µm
_1618_,26.38µm
_1957_,26.28µm
_1698_,26.26µm
_1628_,26.16µm
_1414_,26.14µm
net190,26.14µm
_2050_,26.1µm
_1502_,26.08µm
clknet_leaf_135_clk,26.06µm
net196,26.04µm
clknet_leaf_58_clk,26.02µm
_1760_,26µm
_1811_,25.88µm
_2301_,25.84µm
_1729_,25.82µm
_1496_,25.76µm
_2070_,25.72µm
_2029_,25.68µm
_1766_,25.66µm
_0633_,25.64µm
_0278_,25.56µm
clknet_leaf_99_clk,25.56µm
_2047_,25.54µm
_1871_,25.48µm
_1916_,25.42µm
_1637_,25.4µm
_2025_,25.34µm
_2189_,25.34µm
_1778_,25.32µm
_1885_,25.32µm
_1630_,25.26µm
clknet_leaf_210_clk,25.26µm
_1457_,25.225µm
clknet_leaf_54_clk,25.18µm
_1944_,25.12µm
net170,25.08µm
net172,25.08µm
_1668_,25.06µm
_1677_,24.98µm
_1641_,24.94µm
_1449_,24.9µm
_0307_,24.84µm
_1512_,24.82µm
_2002_,24.805µm
gen_pe\[0\].pe_inst.out_right\[25\],24.8µm
clknet_leaf_151_clk,24.72µm
clknet_leaf_208_clk,24.68µm
_1451_,24.62µm
net181,24.6µm
_0601_,24.56µm
_1917_,24.54µm
_1495_,24.385µm
_2113_,24.36µm
clknet_leaf_163_clk,24.34µm
_1739_,24.3µm
_1880_,24.3µm
net215,24.3µm
clknet_leaf_217_clk,24.3µm
_1972_,24.28µm
gen_left\[4\]\[7\],24.26µm
gen_pe\[4\].pe_inst.out_right\[4\],24.24µm
_1752_,24.22µm
_2234_,24.2µm
clknet_leaf_209_clk,24.16µm
_2188_,24.14µm
_1845_,24.08µm
gen_pe\[4\].pe_inst.out_right\[3\],24.08µm
net250,24.08µm
_1964_,24.06µm
_1741_,24µm
_1981_,23.98µm
_2148_,23.98µm
_1709_,23.96µm
_1474_,23.88µm
clknet_leaf_96_clk,23.88µm
clknet_leaf_67_clk,23.84µm
gen_pe\[2\].pe_inst.out_right\[10\],23.8µm
clknet_leaf_1_clk,23.72µm
_1697_,23.54µm
net175,23.54µm
_1777_,23.52µm
_1780_,23.5µm
_2110_,23.5µm
_2182_,23.5µm
_2033_,23.46µm
_2251_,23.28µm
_1753_,23.205µm
_0306_,23.2µm
_1966_,23.2µm
_1669_,23.16µm
_1717_,23.16µm
_1878_,23.12µm
_2360_,23.12µm
net191,23.12µm
_1860_,23.08µm
_2130_,23.04µm
_1743_,23.02µm
_1835_,23.02µm
_2226_,23.02µm
_2255_,23µm
_0570_,22.98µm
_1439_,22.96µm
_1899_,22.92µm
_0340_,22.86µm
_1482_,22.8µm
_2125_,22.8µm
_0392_,22.74µm
_1737_,22.66µm
gen_left\[0\]\[17\],22.62µm
net1261,22.6µm
_1902_,22.52µm
_2241_,22.5µm
clknet_leaf_202_clk,22.5µm
_0247_,22.48µm
_2035_,22.42µm
_1991_,22.4µm
net193,22.36µm
_1692_,22.32µm
_1895_,22.28µm
_1821_,22.23µm
_1762_,22.22µm
_1706_,22.16µm
_2048_,22.16µm
gen_pe\[4\].pe_inst.out_right\[24\],22.08µm
_1904_,22.02µm
clknet_leaf_201_clk,21.98µm
_2152_,21.97µm
_1793_,21.96µm
_1906_,21.96µm
_2319_,21.84µm
_2252_,21.82µm
net128,21.78µm
_1703_,21.74µm
net1254,21.72µm
_1855_,21.7µm
_2192_,21.7µm
net164,21.66µm
_2297_,21.62µm
_2181_,21.56µm
clknet_leaf_227_clk,21.56µm
_0615_,21.5µm
_0634_,21.48µm
_1730_,21.465µm
clknet_leaf_61_clk,21.46µm
clknet_leaf_221_clk,21.46µm
_2240_,21.455µm
_0398_,21.4µm
_1744_,21.36µm
_2365_,21.36µm
_0533_,21.32µm
_2138_,21.28µm
_1701_,21.24µm
_1969_,21.24µm
_1974_,21.24µm
_1883_,21.2µm
_2057_,21.2µm
_1713_,21.16µm
gen_left\[2\]\[11\],21.16µm
_2052_,21.14µm
_2140_,21.14µm
gen_pe\[6\].pe_inst.out_right\[31\],21.12µm
_1624_,21.02µm
net132,20.98µm
_0362_,20.86µm
_1997_,20.86µm
_1996_,20.78µm
_1896_,20.7µm
_1841_,20.68µm
_2127_,20.66µm
clknet_leaf_160_clk,20.66µm
_2099_,20.64µm
_1627_,20.58µm
_1545_,20.56µm
gen_pe\[2\].pe_inst.out_right\[6\],20.56µm
_1823_,20.55µm
_2010_,20.48µm
_2314_,20.48µm
_1448_,20.46µm
_2366_,20.44µm
_1459_,20.41µm
_1622_,20.4µm
_1720_,20.4µm
_2256_,20.4µm
_2295_,20.36µm
_1807_,20.34µm
_1886_,20.32µm
_2019_,20.32µm
_2282_,20.2µm
_2151_,20.155µm
_1642_,20.02µm
net65,20.02µm
gen_left\[4\]\[9\],19.98µm
_2045_,19.94µm
gen_left\[4\]\[8\],19.86µm
_1986_,19.82µm
net165,19.82µm
_1431_,19.78µm
_1847_,19.74µm
clknet_leaf_145_clk,19.74µm
_1667_,19.66µm
_2003_,19.62µm
_1922_,19.58µm
clknet_leaf_142_clk,19.58µm
_0274_,19.54µm
_2316_,19.54µm
_1824_,19.52µm
_1870_,19.48µm
gen_left\[4\]\[28\],19.48µm
_1911_,19.44µm
_1958_,19.4µm
_2218_,19.4µm
_2364_,19.4µm
_1612_,19.32µm
_1497_,19.28µm
_1879_,19.28µm
_2362_,19.28µm
clknet_leaf_155_clk,19.28µm
_1473_,19.22µm
_1707_,19.15µm
gen_left\[1\]\[28\],19.125µm
_2277_,19.1µm
net160,19.1µm
_1857_,19.06µm
net1260,19.06µm
_0409_,18.98µm
_0360_,18.96µm
_1419_,18.94µm
_2122_,18.94µm
gen_pe\[4\].pe_inst.out_right\[6\],18.92µm
_2170_,18.88µm
net74,18.86µm
clknet_leaf_40_clk,18.86µm
_0510_,18.74µm
clknet_leaf_81_clk,18.74µm
_1989_,18.7µm
clknet_leaf_73_clk,18.66µm
_1754_,18.64µm
_1563_,18.6µm
_2097_,18.56µm
_2357_,18.56µm
_0323_,18.48µm
_1438_,18.375µm
_1608_,18.34µm
gen_left\[1\]\[15\],18.32µm
_1979_,18.28µm
clknet_leaf_50_clk,18.28µm
_1640_,18.26µm
_1469_,18.245µm
_1746_,18.24µm
_0290_,18.14µm
_1798_,18.1µm
net856,18.1µm
clknet_leaf_125_clk,18.08µm
_0532_,18.06µm
net39,18.06µm
_2272_,18.04µm
_1782_,18.02µm
_1874_,17.98µm
_1648_,17.96µm
_2155_,17.94µm
net1253,17.88µm
_1781_,17.86µm
_1983_,17.8µm
_2123_,17.8µm
_1450_,17.76µm
_1684_,17.72µm
_2058_,17.695µm
_1854_,17.64µm
net144,17.6µm
_1530_,17.52µm
clknet_leaf_97_clk,17.52µm
_1982_,17.515µm
gen_left\[4\]\[14\],17.5µm
clknet_leaf_132_clk,17.44µm
_0449_,17.405µm
clknet_leaf_211_clk,17.4µm
gen_left\[2\]\[22\],17.36µm
_1945_,17.34µm
net201,17.3µm
gen_left\[6\]\[29\],17.28µm
_1838_,17.26µm
_1686_,17.24µm
net166,17.22µm
_1626_,17.18µm
_1529_,17.14µm
_1665_,17.14µm
_2298_,17.14µm
_1955_,17.1µm
_2348_,17.06µm
_2299_,17.02µm
clknet_leaf_35_clk,16.98µm
_1891_,16.94µm
_0407_,16.9µm
_1894_,16.9µm
_2153_,16.9µm
gen_left\[4\]\[12\],16.88µm
_1826_,16.8µm
_2254_,16.78µm
_2307_,16.78µm
_2318_,16.72µm
_1975_,16.7µm
_1659_,16.68µm
_1504_,16.64µm
_1869_,16.64µm
_2288_,16.64µm
_2356_,16.6µm
_1848_,16.55µm
_2291_,16.54µm
clknet_leaf_100_clk,16.52µm
clknet_leaf_174_clk,16.52µm
_1853_,16.48µm
_2083_,16.48µm
_1735_,16.46µm
_0572_,16.44µm
_2142_,16.44µm
_1727_,16.4µm
_0498_,16.38µm
_1794_,16.36µm
_0586_,16.34µm
_1670_,16.3µm
_1526_,16.26µm
_2009_,16.26µm
net4,16.22µm
_1413_,16.14µm
gen_left\[2\]\[28\],16.14µm
_1893_,16.12µm
_2330_,16.1µm
_2111_,16.06µm
_0254_,16.04µm
_1795_,15.98µm
_1822_,15.9µm
_2173_,15.88µm
net99,15.88µm
_1818_,15.86µm
_1599_,15.84µm
gen_left\[2\]\[2\],15.84µm
_0192_,15.8µm
_2078_,15.8µm
_2080_,15.8µm
_2363_,15.8µm
_2315_,15.76µm
_2358_,15.76µm
net143,15.76µm
net162,15.76µm
_2154_,15.74µm
gen_left\[6\]\[3\],15.7µm
_1410_,15.68µm
_1416_,15.68µm
_1682_,15.68µm
net844,15.68µm
_0600_,15.66µm
_0300_,15.62µm
_0200_,15.58µm
_1699_,15.58µm
_2210_,15.54µm
gen_left\[4\]\[29\],15.52µm
_2367_,15.5µm
_1868_,15.46µm
gen_left\[6\]\[10\],15.46µm
_0321_,15.42µm
_1690_,15.42µm
gen_left\[4\]\[27\],15.42µm
net30,15.42µm
gen_left\[2\]\[14\],15.4µm
net112,15.4µm
_1548_,15.38µm
_1731_,15.38µm
_2137_,15.38µm
gen_pe\[3\].pe_inst.out_right\[2\],15.38µm
_1806_,15.34µm
_1921_,15.34µm
_2115_,15.34µm
_2287_,15.28µm
_1601_,15.26µm
_2096_,15.26µm
_2162_,15.26µm
net124,15.26µm
net174,15.26µm
net1107,15.26µm
_2011_,15.16µm
_2044_,15.16µm
_0540_,15.12µm
_1740_,15.1µm
gen_left\[4\]\[0\],15.1µm
_1940_,15.02µm
_1935_,15µm
_1875_,14.98µm
_1423_,14.96µm
_2349_,14.96µm
_2075_,14.92µm
_1319_,14.87µm
_1442_,14.84µm
_1483_,14.84µm
_1583_,14.8µm
clknet_leaf_159_clk,14.76µm
_1858_,14.74µm
_1909_,14.72µm
_2143_,14.72µm
gen_pe\[3\].pe_inst.out_right\[25\],14.685µm
_2150_,14.62µm
_0339_,14.6µm
_1938_,14.6µm
_2121_,14.56µm
_0585_,14.54µm
_2271_,14.52µm
_2257_,14.5µm
_2248_,14.48µm
_2020_,14.46µm
_0270_,14.42µm
_2227_,14.42µm
_2267_,14.42µm
in_data_flat[123],14.4µm
in_data_flat[156],14.4µm
_1967_,14.38µm
_2074_,14.38µm
_2342_,14.38µm
_0624_,14.3µm
net146,14.3µm
_0311_,14.22µm
_2007_,14.2µm
_2031_,14.175µm
_0421_,14.14µm
gen_pe\[4\].pe_inst.out_right\[5\],14.12µm
gen_pe\[6\].pe_inst.out_right\[9\],14.1µm
_0608_,14.08µm
_1887_,14.08µm
_2292_,14.08µm
gen_pe\[1\].pe_inst.out_right\[0\],14.08µm
_0262_,14.06µm
_0350_,14.06µm
net194,14.04µm
_1849_,14.02µm
_2229_,14.02µm
_0451_,14µm
gen_pe\[4\].pe_inst.out_right\[22\],14µm
_1445_,13.96µm
net157,13.96µm
gen_left\[6\]\[30\],13.9µm
_0252_,13.88µm
_2323_,13.86µm
_1653_,13.84µm
_1446_,13.8µm
_1733_,13.8µm
net1257,13.76µm
_0410_,13.7µm
_2296_,13.66µm
gen_pe\[4\].pe_inst.out_right\[25\],13.66µm
_1579_,13.62µm
gen_left\[2\]\[15\],13.6µm
_0308_,13.58µm
_2200_,13.58µm
_1602_,13.56µm
_2320_,13.56µm
_0621_,13.54µm
_2129_,13.54µm
_2197_,13.54µm
net223,13.54µm
net256,13.54µm
gen_pe\[5\].pe_inst.out_right\[1\],13.52µm
_1941_,13.5µm
_2199_,13.5µm
_2281_,13.48µm
in_data_flat[141],13.4µm
in_data_flat[173],13.4µm
_0332_,13.38µm
_1842_,13.38µm
_1959_,13.38µm
in_data_flat[254],13.38µm
_0167_,13.32µm
_1954_,13.3µm
gen_left\[1\]\[0\],13.26µm
_0484_,13.2µm
_1400_,13.2µm
gen_left\[6\]\[2\],13.2µm
_0365_,13.16µm
_1649_,13.16µm
net12,13.16µm
_1714_,13.14µm
_1673_,13.12µm
_1728_,13.12µm
net139,13.08µm
gen_left\[5\]\[27\],13.02µm
_1865_,13µm
_1927_,12.96µm
_2202_,12.96µm
net178,12.96µm
in_data_flat[88],12.94µm
gen_left\[6\]\[0\],12.92µm
gen_pe\[3\].pe_inst.out_right\[13\],12.86µm
gen_pe\[5\].pe_inst.out_right\[8\],12.82µm
_1779_,12.8µm
_2161_,12.8µm
_0470_,12.76µm
gen_pe\[2\].pe_inst.out_right\[22\],12.76µm
_0016_,12.7µm
_0074_,12.7µm
_1617_,12.7µm
_1721_,12.7µm
_1851_,12.7µm
_2040_,12.7µm
_2293_,12.7µm
in_data_flat[192],12.7µm
_2069_,12.66µm
gen_pe\[6\].pe_inst.out_right\[27\],12.66µm
gen_left\[3\]\[14\],12.625µm
_2334_,12.62µm
gen_pe\[4\].pe_inst.out_right\[27\],12.62µm
_1638_,12.6µm
_1606_,12.56µm
_0429_,12.54µm
_2353_,12.54µm
gen_left\[2\]\[1\],12.54µm
_1702_,12.52µm
_2134_,12.5µm
_2185_,12.5µm
_2206_,12.5µm
net251,12.5µm
net1050,12.5µm
_2059_,12.46µm
clknet_leaf_57_clk,12.42µm
_0508_,12.38µm
_2290_,12.38µm
out_data_flat[222],12.36µm
out_data_flat[223],12.36µm
out_data_flat[254],12.36µm
_0571_,12.33µm
_0240_,12.3µm
_0310_,12.3µm
_2014_,12.3µm
_2082_,12.3µm
gen_left\[4\]\[15\],12.3µm
_0344_,12.28µm
_2016_,12.24µm
_2216_,12.24µm
_2335_,12.24µm
_1751_,12.2µm
net23,12.2µm
net45,12.2µm
net179,12.2µm
_0227_,12.16µm
_1866_,12.16µm
gen_pe\[2\].pe_inst.out_right\[27\],12.16µm
_1907_,12.14µm
_2159_,12.12µm
_2184_,12.08µm
_2265_,12.08µm
_1943_,12.04µm
gen_left\[2\]\[29\],12.04µm
_1742_,12.02µm
in_data_flat[120],12.02µm
in_data_flat[124],12.02µm
in_data_flat[125],12.02µm
in_data_flat[126],12.02µm
in_data_flat[127],12.02µm
in_data_flat[157],12.02µm
in_data_flat[158],12.02µm
in_data_flat[159],12.02µm
in_data_flat[188],12.02µm
in_data_flat[189],12.02µm
in_data_flat[190],12.02µm
in_data_flat[191],12.02µm
in_data_flat[220],12.02µm
in_data_flat[221],12.02µm
in_data_flat[24],12.02µm
in_data_flat[252],12.02µm
in_data_flat[27],12.02µm
in_data_flat[28],12.02µm
in_data_flat[29],12.02µm
in_data_flat[31],12.02µm
in_data_flat[62],12.02µm
in_data_flat[63],12.02µm
in_data_flat[89],12.02µm
in_data_flat[90],12.02µm
in_data_flat[91],12.02µm
in_data_flat[92],12.02µm
in_data_flat[93],12.02µm
in_data_flat[94],12.02µm
in_data_flat[95],12.02µm
_0354_,12µm
_1803_,11.98µm
_0543_,11.94µm
in_data_flat[160],11.94µm
_2289_,11.92µm
_0625_,11.82µm
gen_left\[0\]\[14\],11.82µm
_1424_,11.78µm
gen_left\[1\]\[7\],11.78µm
net158,11.78µm
_2262_,11.74µm
_0177_,11.72µm
_0428_,11.7µm
_1566_,11.7µm
out_data_flat[16],11.68µm
out_data_flat[18],11.68µm
_1432_,11.62µm
_1825_,11.6µm
in_data_flat[174],11.56µm
_1564_,11.5µm
in_data_flat[194],11.48µm
in_data_flat[22],11.48µm
gen_pe\[2\].pe_inst.out_right\[18\],11.46µm
_1924_,11.44µm
_1861_,11.42µm
_0203_,11.4µm
_0216_,11.38µm
_0506_,11.38µm
_1988_,11.36µm
_2361_,11.36µm
gen_left\[1\]\[17\],11.36µm
gen_left\[2\]\[10\],11.36µm
gen_left\[2\]\[25\],11.36µm
gen_left\[0\]\[3\],11.32µm
gen_left\[3\]\[24\],11.32µm
_1736_,11.3µm
gen_left\[3\]\[15\],11.3µm
_1797_,11.28µm
_0281_,11.275µm
_1919_,11.26µm
_0584_,11.24µm
_2104_,11.24µm
_2208_,11.24µm
gen_left\[2\]\[30\],11.24µm
gen_pe\[2\].pe_inst.out_right\[26\],11.24µm
gen_pe\[4\].pe_inst.out_right\[2\],11.24µm
net159,11.24µm
_2231_,11.2µm
_2359_,11.2µm
_1724_,11.16µm
_1937_,11.16µm
_2346_,11.16µm
in_data_flat[53],11.14µm
in_data_flat[54],11.14µm
gen_left\[3\]\[5\],11.12µm
in_data_flat[204],11.1µm
in_data_flat[205],11.1µm
in_data_flat[206],11.1µm
in_data_flat[233],11.1µm
in_data_flat[234],11.1µm
in_data_flat[235],11.1µm
in_data_flat[236],11.1µm
in_data_flat[237],11.1µm
in_data_flat[238],11.1µm
in_data_flat[239],11.1µm
in_data_flat[253],11.1µm
in_data_flat[25],11.1µm
in_data_flat[26],11.1µm
in_data_flat[30],11.1µm
in_data_flat[56],11.1µm
in_data_flat[57],11.1µm
in_data_flat[58],11.1µm
in_data_flat[59],11.1µm
in_data_flat[60],11.1µm
in_data_flat[61],11.1µm
_1946_,11.08µm
_2124_,11.06µm
_0609_,11.02µm
in_data_flat[19],11.02µm
_1925_,11µm
out_data_flat[221],11µm
out_data_flat[252],11µm
out_data_flat[28],11µm
out_data_flat[29],11µm
out_data_flat[30],11µm
out_data_flat[58],11µm
net1004,11µm
_0253_,10.985µm
_0317_,10.98µm
_0780_,10.98µm
_1130_,10.96µm
gen_left\[0\]\[2\],10.96µm
_0359_,10.92µm
gen_left\[3\]\[1\],10.92µm
gen_pe\[4\].pe_inst.out_right\[1\],10.92µm
gen_pe\[5\].pe_inst.out_right\[7\],10.92µm
_0036_,10.9µm
_0226_,10.9µm
_0246_,10.9µm
gen_left\[2\]\[12\],10.9µm
_1808_,10.86µm
_2186_,10.86µm
gen_left\[6\]\[28\],10.86µm
gen_pe\[1\].pe_inst.out_right\[2\],10.86µm
net169,10.86µm
gen_left\[1\]\[22\],10.84µm
_2249_,10.8µm
out_data_flat[131],10.8µm
gen_left\[6\]\[31\],10.78µm
gen_pe\[0\].pe_inst.out_right\[5\],10.78µm
in_data_flat[122],10.76µm
in_data_flat[155],10.76µm
_1374_,10.74µm
_1804_,10.74µm
_2204_,10.74µm
_2368_,10.74µm
net1044,10.74µm
_1554_,10.72µm
net1037,10.72µm
_0299_,10.68µm
net1256,10.68µm
_0033_,10.66µm
_1486_,10.66µm
_1558_,10.66µm
_1619_,10.66µm
_1995_,10.64µm
_0442_,10.62µm
_1748_,10.62µm
net197,10.62µm
_2043_,10.6µm
_1750_,10.58µm
_2088_,10.58µm
_0312_,10.56µm
_0632_,10.56µm
out_data_flat[120],10.54µm
out_data_flat[121],10.54µm
out_data_flat[122],10.54µm
out_data_flat[123],10.54µm
out_data_flat[124],10.54µm
out_data_flat[125],10.54µm
out_data_flat[126],10.54µm
out_data_flat[127],10.54µm
out_data_flat[155],10.54µm
out_data_flat[156],10.54µm
out_data_flat[157],10.54µm
out_data_flat[158],10.54µm
out_data_flat[159],10.54µm
out_data_flat[188],10.54µm
out_data_flat[189],10.54µm
out_data_flat[190],10.54µm
out_data_flat[191],10.54µm
out_data_flat[204],10.54µm
out_data_flat[205],10.54µm
out_data_flat[206],10.54µm
out_data_flat[220],10.54µm
out_data_flat[233],10.54µm
out_data_flat[234],10.54µm
out_data_flat[235],10.54µm
out_data_flat[236],10.54µm
out_data_flat[237],10.54µm
out_data_flat[238],10.54µm
out_data_flat[239],10.54µm
out_data_flat[24],10.54µm
out_data_flat[253],10.54µm
out_data_flat[25],10.54µm
out_data_flat[26],10.54µm
out_data_flat[27],10.54µm
out_data_flat[31],10.54µm
out_data_flat[56],10.54µm
out_data_flat[57],10.54µm
out_data_flat[59],10.54µm
out_data_flat[60],10.54µm
out_data_flat[61],10.54µm
out_data_flat[62],10.54µm
out_data_flat[63],10.54µm
out_data_flat[88],10.54µm
out_data_flat[89],10.54µm
out_data_flat[90],10.54µm
out_data_flat[91],10.54µm
out_data_flat[92],10.54µm
out_data_flat[93],10.54µm
out_data_flat[94],10.54µm
out_data_flat[95],10.54µm
_1614_,10.5µm
_0893_,10.49µm
_2022_,10.48µm
_0342_,10.46µm
_0436_,10.46µm
_0629_,10.46µm
_1615_,10.46µm
_0453_,10.44µm
_1832_,10.4µm
_2061_,10.4µm
net1190,10.4µm
_0513_,10.36µm
_0524_,10.36µm
_2024_,10.36µm
_2039_,10.36µm
_2350_,10.36µm
_2294_,10.34µm
_1562_,10.32µm
gen_left\[2\]\[3\],10.32µm
_1695_,10.28µm
gen_left\[0\]\[23\],10.28µm
_1956_,10.24µm
_1610_,10.2µm
_2264_,10.2µm
_1259_,10.19µm
_1147_,10.18µm
_0501_,10.165µm
net850,10.16µm
_2347_,10.14µm
_0373_,10.13µm
_0370_,10.12µm
_1417_,10.1µm
in_data_flat[68],10.1µm
_0072_,10.08µm
net980,10.06µm
_0605_,10µm
_1654_,10µm
_1704_,10µm
_1774_,10µm
_2118_,10µm
_2157_,10µm
_0185_,9.98µm
_0225_,9.98µm
_0243_,9.98µm
_0309_,9.98µm
_1372_,9.98µm
_2228_,9.98µm
_0291_,9.94µm
_1433_,9.94µm
_2147_,9.94µm
_2278_,9.94µm
net110,9.94µm
_1867_,9.9µm
_2312_,9.9µm
_1616_,9.88µm
gen_pe\[0\].pe_inst.out_right\[3\],9.88µm
net1243,9.88µm
_1629_,9.86µm
gen_left\[2\]\[27\],9.86µm
gen_left\[5\]\[8\],9.86µm
gen_pe\[6\].pe_inst.out_right\[2\],9.84µm
_1586_,9.82µm
_1910_,9.82µm
_2302_,9.82µm
_2332_,9.82µm
gen_left\[4\]\[3\],9.82µm
_1594_,9.78µm
_1607_,9.78µm
_2214_,9.78µm
_1018_,9.72µm
gen_pe\[2\].pe_inst.out_right\[15\],9.7µm
_0023_,9.66µm
clknet_leaf_225_clk,9.66µm
_1655_,9.64µm
in_data_flat[132],9.64µm
in_data_flat[193],9.64µm
in_data_flat[195],9.64µm
in_data_flat[197],9.64µm
in_data_flat[20],9.64µm
in_data_flat[21],9.64µm
in_data_flat[224],9.64µm
in_data_flat[227],9.64µm
in_data_flat[228],9.64µm
in_data_flat[229],9.64µm
in_data_flat[230],9.64µm
in_data_flat[232],9.64µm
_1977_,9.62µm
gen_left\[0\]\[27\],9.62µm
gen_pe\[3\].pe_inst.out_right\[28\],9.62µm
_2176_,9.6µm
gen_left\[1\]\[2\],9.58µm
net1237,9.58µm
_0199_,9.56µm
_1352_,9.56µm
_0581_,9.54µm
_1951_,9.54µm
_1738_,9.53µm
_2158_,9.52µm
net67,9.52µm
_0650_,9.49µm
_0108_,9.48µm
_0422_,9.48µm
_1914_,9.48µm
gen_left\[6\]\[7\],9.46µm
_0271_,9.44µm
_1652_,9.44µm
net34,9.44µm
_0006_,9.42µm
_2212_,9.42µm
_2370_,9.42µm
out_data_flat[135],9.42µm
out_data_flat[193],9.42µm
_2174_,9.4µm
_2300_,9.4µm
gen_pe\[4\].pe_inst.out_right\[14\],9.4µm
gen_pe\[4\].pe_inst.out_right\[7\],9.4µm
net232,9.4µm
_1719_,9.36µm
_1771_,9.36µm
_1884_,9.36µm
_2117_,9.36µm
gen_pe\[0\].pe_inst.out_right\[7\],9.36µm
gen_pe\[6\].pe_inst.out_right\[26\],9.36µm
_0783_,9.33µm
_2306_,9.32µm
net1092,9.32µm
_0620_,9.3µm
net1059,9.28µm
_0666_,9.21µm
_0689_,9.21µm
_0293_,9.2µm
net1246,9.2µm
_0417_,9.18µm
in_data_flat[162],9.18µm
_1461_,9.12µm
gen_pe\[5\].pe_inst.out_right\[27\],9.12µm
_1200_,9.11µm
_0525_,9.1µm
_1939_,9.1µm
_0512_,9.08µm
_2168_,9.08µm
gen_left\[2\]\[24\],9.08µm
gen_left\[2\]\[31\],9.08µm
gen_left\[4\]\[30\],9.08µm
net993,9.08µm
_0038_,9.06µm
_0466_,9.06µm
_0567_,9.06µm
gen_left\[2\]\[13\],9.06µm
_1570_,9.04µm
_1026_,9.03µm
_0319_,9.02µm
_1913_,9.02µm
_2309_,9.02µm
_2325_,9.02µm
gen_left\[3\]\[0\],9.02µm
gen_pe\[1\].pe_inst.out_right\[11\],9.02µm
gen_pe\[3\].pe_inst.out_right\[3\],9.02µm
net918,9.02µm
net1244,9.02µm
_0447_,8.98µm
_0468_,8.98µm
gen_pe\[5\].pe_inst.out_right\[22\],8.98µm
_1687_,8.96µm
_2238_,8.96µm
_2245_,8.96µm
gen_left\[5\]\[9\],8.96µm
out_data_flat[17],8.96µm
out_data_flat[19],8.96µm
out_data_flat[200],8.96µm
out_data_flat[20],8.96µm
out_data_flat[224],8.96µm
out_data_flat[225],8.96µm
out_data_flat[229],8.96µm
out_data_flat[23],8.96µm
out_data_flat[52],8.96µm
_2329_,8.94µm
gen_left\[0\]\[16\],8.94µm
gen_left\[3\]\[20\],8.94µm
gen_pe\[4\].pe_inst.out_right\[20\],8.94µm
net163,8.94µm
net195,8.94µm
net924,8.94µm
_2344_,8.9µm
_0269_,8.86µm
_0528_,8.86µm
_1571_,8.86µm
_1603_,8.86µm
_2310_,8.86µm
_2324_,8.86µm
in_data_flat[52],8.84µm
in_data_flat[85],8.84µm
_2126_,8.82µm
net1153,8.78µm
_2167_,8.76µm
net864,8.76µm
net1251,8.74µm
in_data_flat[100],8.72µm
in_data_flat[101],8.72µm
in_data_flat[102],8.72µm
in_data_flat[103],8.72µm
in_data_flat[129],8.72µm
in_data_flat[130],8.72µm
in_data_flat[131],8.72µm
in_data_flat[133],8.72µm
in_data_flat[134],8.72µm
in_data_flat[135],8.72µm
in_data_flat[161],8.72µm
in_data_flat[163],8.72µm
in_data_flat[164],8.72µm
in_data_flat[165],8.72µm
in_data_flat[166],8.72µm
in_data_flat[167],8.72µm
in_data_flat[16],8.72µm
in_data_flat[18],8.72µm
in_data_flat[196],8.72µm
in_data_flat[198],8.72µm
in_data_flat[199],8.72µm
in_data_flat[225],8.72µm
in_data_flat[226],8.72µm
in_data_flat[231],8.72µm
in_data_flat[23],8.72µm
in_data_flat[36],8.72µm
in_data_flat[37],8.72µm
in_data_flat[4],8.72µm
in_data_flat[5],8.72µm
in_data_flat[69],8.72µm
in_data_flat[70],8.72µm
in_data_flat[71],8.72µm
in_data_flat[98],8.72µm
in_data_flat[99],8.72µm
_0658_,8.7µm
_1639_,8.7µm
gen_left\[1\]\[8\],8.7µm
_1351_,8.68µm
_2004_,8.68µm
gen_left\[1\]\[3\],8.66µm
_1100_,8.65µm
_0318_,8.64µm
_0116_,8.62µm
_0041_,8.6µm
_0079_,8.6µm
_0180_,8.6µm
_1589_,8.6µm
net56,8.6µm
_2313_,8.58µm
_0208_,8.56µm
_0349_,8.56µm
net148,8.56µm
net903,8.56µm
_0688_,8.55µm
_0733_,8.55µm
_0139_,8.545µm
_0361_,8.52µm
_0526_,8.52µm
_1595_,8.52µm
_1873_,8.52µm
_2340_,8.52µm
gen_pe\[5\].pe_inst.out_right\[12\],8.52µm
out_data_flat[100],8.5µm
out_data_flat[101],8.5µm
out_data_flat[102],8.5µm
out_data_flat[103],8.5µm
out_data_flat[128],8.5µm
out_data_flat[129],8.5µm
out_data_flat[130],8.5µm
out_data_flat[132],8.5µm
out_data_flat[133],8.5µm
out_data_flat[134],8.5µm
out_data_flat[160],8.5µm
out_data_flat[161],8.5µm
out_data_flat[162],8.5µm
out_data_flat[163],8.5µm
out_data_flat[164],8.5µm
out_data_flat[165],8.5µm
out_data_flat[166],8.5µm
out_data_flat[167],8.5µm
out_data_flat[192],8.5µm
out_data_flat[194],8.5µm
out_data_flat[195],8.5µm
out_data_flat[196],8.5µm
out_data_flat[197],8.5µm
out_data_flat[198],8.5µm
out_data_flat[199],8.5µm
out_data_flat[21],8.5µm
out_data_flat[226],8.5µm
out_data_flat[227],8.5µm
out_data_flat[228],8.5µm
out_data_flat[22],8.5µm
out_data_flat[230],8.5µm
out_data_flat[231],8.5µm
out_data_flat[232],8.5µm
out_data_flat[36],8.5µm
out_data_flat[37],8.5µm
out_data_flat[4],8.5µm
out_data_flat[53],8.5µm
out_data_flat[54],8.5µm
out_data_flat[68],8.5µm
out_data_flat[69],8.5µm
out_data_flat[70],8.5µm
out_data_flat[71],8.5µm
out_data_flat[98],8.5µm
out_data_flat[99],8.5µm
_1577_,8.48µm
_0477_,8.44µm
_1245_,8.4µm
gen_left\[6\]\[9\],8.4µm
net141,8.4µm
in_data_flat[17],8.38µm
in_data_flat[200],8.38µm
in_data_flat[201],8.38µm
_0496_,8.365µm
_1592_,8.36µm
_1952_,8.36µm
net832,8.34µm
gen_left\[1\]\[14\],8.32µm
gen_pe\[5\].pe_inst.out_right\[25\],8.32µm
_0523_,8.285µm
_1953_,8.28µm
net836,8.28µm
_0492_,8.26µm
_1518_,8.26µm
_1550_,8.26µm
in_data_flat[168],8.26µm
net1210,8.26µm
_0606_,8.22µm
_1256_,8.21µm
gen_left\[3\]\[29\],8.2µm
gen_left\[5\]\[20\],8.2µm
gen_left\[5\]\[31\],8.2µm
_0232_,8.18µm
_0527_,8.18µm
gen_left\[5\]\[28\],8.165µm
_0256_,8.16µm
_0355_,8.16µm
_0380_,8.16µm
_0573_,8.16µm
gen_left\[3\]\[4\],8.16µm
gen_pe\[6\].pe_inst.out_right\[14\],8.16µm
_0727_,8.15µm
_0142_,8.14µm
_0168_,8.14µm
_0472_,8.14µm
_0637_,8.14µm
_0676_,8.14µm
_0144_,8.1µm
_0554_,8.1µm
_1852_,8.1µm
gen_left\[3\]\[17\],8.1µm
gen_left\[5\]\[10\],8.1µm
gen_left\[5\]\[3\],8.1µm
gen_pe\[1\].pe_inst.out_right\[15\],8.1µm
gen_pe\[5\].pe_inst.out_right\[24\],8.1µm
gen_pe\[6\].pe_inst.out_right\[20\],8.1µm
_0415_,8.06µm
_1749_,8.06µm
_1912_,8.06µm
_2090_,8.06µm
_2286_,8.06µm
gen_pe\[4\].pe_inst.out_right\[19\],8.06µm
net879,8.06µm
net1196,8.06µm
gen_pe\[2\].pe_inst.out_right\[21\],8.04µm
net986,8.04µm
_1833_,8.02µm
gen_pe\[2\].pe_inst.out_right\[23\],8.02µm
gen_pe\[3\].pe_inst.out_right\[9\],8.02µm
_0261_,7.98µm
_1984_,7.98µm
net1241,7.98µm
_0490_,7.94µm
_0514_,7.94µm
_1897_,7.94µm
net2,7.94µm
_1961_,7.92µm
in_data_flat[86],7.92µm
_0236_,7.885µm
_0284_,7.88µm
_1083_,7.88µm
_1933_,7.88µm
_1320_,7.86µm
net1066,7.86µm
net1086,7.86µm
net1151,7.86µm
_2195_,7.84µm
net1079,7.84µm
_0643_,7.83µm
_1330_,7.82µm
_1722_,7.82µm
_0493_,7.8µm
net1014,7.8µm
_0777_,7.79µm
_1898_,7.78µm
_1978_,7.78µm
_1128_,7.73µm
_0224_,7.72µm
_0244_,7.72µm
_0394_,7.72µm
_0537_,7.72µm
_0597_,7.72µm
_1350_,7.72µm
_0338_,7.7µm
_0069_,7.68µm
_1308_,7.68µm
_1357_,7.68µm
_2230_,7.68µm
gen_left\[2\]\[9\],7.68µm
gen_left\[3\]\[27\],7.68µm
_0781_,7.66µm
_1532_,7.66µm
_1600_,7.66µm
_0097_,7.64µm
_0149_,7.64µm
_0357_,7.64µm
_2207_,7.64µm
_2233_,7.64µm
gen_left\[1\]\[18\],7.64µm
gen_pe\[1\].pe_inst.out_right\[31\],7.64µm
gen_pe\[3\].pe_inst.out_right\[17\],7.64µm
gen_pe\[3\].pe_inst.out_right\[5\],7.64µm
gen_pe\[5\].pe_inst.out_right\[21\],7.64µm
_0853_,7.63µm
_0169_,7.6µm
_1587_,7.6µm
_2369_,7.6µm
gen_left\[0\]\[25\],7.6µm
gen_pe\[4\].pe_inst.out_right\[17\],7.6µm
net1033,7.6µm
_2215_,7.58µm
gen_left\[1\]\[10\],7.58µm
net1067,7.58µm
_0418_,7.56µm
_0483_,7.56µm
gen_left\[2\]\[8\],7.56µm
gen_left\[3\]\[31\],7.56µm
gen_left\[6\]\[1\],7.56µm
net945,7.56µm
gen_left\[0\]\[7\],7.54µm
gen_left\[5\]\[2\],7.54µm
gen_pe\[1\].pe_inst.out_right\[16\],7.54µm
_0022_,7.52µm
_1565_,7.52µm
_1574_,7.52µm
_0803_,7.51µm
_1136_,7.49µm
_2191_,7.48µm
net1099,7.48µm
_1971_,7.46µm
_0766_,7.44µm
_1520_,7.44µm
gen_pe\[2\].pe_inst.out_right\[20\],7.42µm
_0491_,7.4µm
net1073,7.4µm
net1124,7.4µm
_0482_,7.385µm
_0759_,7.37µm
_1138_,7.37µm
_0019_,7.36µm
_1494_,7.36µm
_0403_,7.34µm
_0531_,7.32µm
_0566_,7.3µm
_0574_,7.3µm
_1143_,7.29µm
gen_left\[4\]\[25\],7.28µm
gen_pe\[3\].pe_inst.out_right\[6\],7.28µm
_0143_,7.265µm
_0008_,7.26µm
_1156_,7.26µm
_1002_,7.25µm
_0107_,7.24µm
_1671_,7.24µm
gen_left\[4\]\[31\],7.24µm
_0289_,7.22µm
_0504_,7.22µm
_1399_,7.22µm
_1590_,7.22µm
_1623_,7.22µm
_1261_,7.21µm
_0161_,7.18µm
_0358_,7.18µm
_0595_,7.18µm
_1582_,7.18µm
_1597_,7.18µm
_2038_,7.18µm
_2060_,7.18µm
_2220_,7.18µm
_2327_,7.18µm
gen_pe\[4\].pe_inst.out_right\[9\],7.18µm
gen_pe\[5\].pe_inst.out_right\[2\],7.18µm
net936,7.18µm
net1027,7.18µm
net1258,7.18µm
_0105_,7.16µm
_0450_,7.16µm
_1131_,7.16µm
_1418_,7.14µm
_2139_,7.14µm
gen_left\[2\]\[5\],7.14µm
gen_pe\[1\].pe_inst.out_right\[17\],7.14µm
net843,7.14µm
_0806_,7.11µm
out_data_flat[12],7.11µm
out_data_flat[172],7.11µm
out_data_flat[77],7.11µm
_1293_,7.1µm
_0614_,7.06µm
_1584_,7.06µm
_1585_,7.06µm
_1837_,7.06µm
_1965_,7.06µm
_2165_,7.06µm
gen_pe\[2\].pe_inst.out_right\[13\],7.06µm
gen_pe\[4\].pe_inst.out_right\[15\],7.06µm
net1088,7.06µm
gen_left\[2\]\[23\],7.04µm
_0800_,6.98µm
_2284_,6.96µm
net887,6.96µm
net931,6.96µm
_0690_,6.94µm
net949,6.92µm
_1282_,6.91µm
_0175_,6.9µm
net973,6.9µm
net1113,6.9µm
_0223_,6.88µm
_0050_,6.86µm
_1516_,6.86µm
gen_left\[6\]\[8\],6.86µm
gen_pe\[3\].pe_inst.out_right\[1\],6.86µm
in_data_flat[48],6.86µm
_0237_,6.84µm
_0313_,6.84µm
_0760_,6.83µm
gen_left\[1\]\[13\],6.82µm
gen_pe\[1\].pe_inst.out_right\[1\],6.82µm
gen_pe\[1\].pe_inst.out_right\[29\],6.82µm
clknet_leaf_232_clk,6.82µm
_1150_,6.8µm
_0275_,6.78µm
_1258_,6.77µm
out_data_flat[1],6.77µm
out_data_flat[97],6.77µm
_0134_,6.76µm
_0382_,6.76µm
_0476_,6.76µm
_1346_,6.76µm
_1408_,6.76µm
_1578_,6.76µm
gen_left\[2\]\[26\],6.76µm
gen_left\[3\]\[13\],6.76µm
gen_pe\[3\].pe_inst.out_right\[31\],6.76µm
gen_pe\[4\].pe_inst.out_right\[8\],6.76µm
gen_pe\[6\].pe_inst.out_right\[6\],6.76µm
gen_pe\[6\].pe_inst.out_right\[8\],6.76µm
net901,6.76µm
_1392_,6.74µm
net951,6.74µm
_0002_,6.72µm
_0073_,6.72µm
_0599_,6.72µm
_1765_,6.72µm
_2303_,6.72µm
_2305_,6.72µm
gen_left\[5\]\[14\],6.72µm
gen_pe\[1\].pe_inst.out_right\[9\],6.72µm
gen_pe\[5\].pe_inst.out_right\[29\],6.72µm
net925,6.72µm
net1005,6.72µm
net1039,6.72µm
net1214,6.72µm
gen_left\[2\]\[7\],6.64µm
gen_pe\[0\].pe_inst.out_right\[6\],6.64µm
gen_pe\[2\].pe_inst.out_right\[5\],6.64µm
net966,6.64µm
_2100_,6.62µm
_0327_,6.6µm
_1747_,6.6µm
net1085,6.6µm
net1162,6.6µm
_0821_,6.52µm
_1757_,6.52µm
net820,6.52µm
net963,6.5µm
net1036,6.5µm
_0379_,6.48µm
_1139_,6.48µm
_1276_,6.48µm
_1311_,6.48µm
net868,6.48µm
_0303_,6.45µm
_0541_,6.445µm
gen_left\[5\]\[7\],6.44µm
net1248,6.44µm
out_data_flat[8],6.43µm
_0469_,6.42µm
_0568_,6.42µm
_0015_,6.38µm
_0305_,6.38µm
_0511_,6.38µm
_0604_,6.38µm
_1348_,6.38µm
net828,6.38µm
net1031,6.38µm
net1140,6.38µm
_0811_,6.37µm
_0989_,6.37µm
_1135_,6.37µm
gen_left\[2\]\[6\],6.36µm
gen_left\[5\]\[17\],6.36µm
gen_pe\[3\].pe_inst.out_right\[19\],6.36µm
_0767_,6.35µm
_0234_,6.32µm
_0542_,6.32µm
in_data_flat[0],6.31µm
in_data_flat[10],6.31µm
in_data_flat[118],6.31µm
in_data_flat[12],6.31µm
in_data_flat[138],6.31µm
in_data_flat[142],6.31µm
in_data_flat[150],6.31µm
in_data_flat[151],6.31µm
in_data_flat[154],6.31µm
in_data_flat[178],6.31µm
in_data_flat[208],6.31µm
in_data_flat[32],6.31µm
in_data_flat[33],6.31µm
in_data_flat[3],6.31µm
in_data_flat[44],6.31µm
in_data_flat[8],6.31µm
in_data_flat[9],6.31µm
gen_left\[3\]\[28\],6.305µm
_0042_,6.3µm
_0220_,6.3µm
_0381_,6.3µm
_0616_,6.3µm
_1605_,6.3µm
_2345_,6.3µm
gen_pe\[3\].pe_inst.out_right\[10\],6.3µm
gen_pe\[3\].pe_inst.out_right\[20\],6.3µm
gen_pe\[5\].pe_inst.out_right\[19\],6.3µm
_0004_,6.26µm
_0061_,6.26µm
_0233_,6.26µm
_1546_,6.26µm
_1576_,6.26µm
_1678_,6.26µm
_1693_,6.26µm
_2253_,6.26µm
_2266_,6.26µm
gen_left\[1\]\[30\],6.26µm
gen_pe\[3\].pe_inst.out_right\[29\],6.26µm
gen_pe\[6\].pe_inst.out_right\[10\],6.26µm
net878,6.26µm
net1035,6.26µm
_0679_,6.25µm
gen_left\[4\]\[20\],6.24µm
_1394_,6.2µm
_2235_,6.2µm
_2355_,6.2µm
gen_pe\[2\].pe_inst.out_right\[0\],6.18µm
net953,6.18µm
net1236,6.18µm
_0636_,6.16µm
_0656_,6.16µm
_0206_,6.14µm
_1593_,6.14µm
_1815_,6.14µm
_2222_,6.14µm
_2223_,6.14µm
_2224_,6.14µm
_2326_,6.14µm
_2331_,6.14µm
gen_left\[4\]\[23\],6.14µm
gen_left\[4\]\[26\],6.14µm
gen_left\[6\]\[24\],6.14µm
net1028,6.14µm
net1119,6.14µm
net1205,6.14µm
in_data_flat[202],6.09µm
in_data_flat[207],6.09µm
in_data_flat[209],6.09µm
in_data_flat[211],6.09µm
in_data_flat[87],6.09µm
out_data_flat[138],6.09µm
out_data_flat[182],6.09µm
net919,6.08µm
_0132_,6.06µm
net939,6.04µm
net1024,6.04µm
net1057,6.04µm
_0458_,6.02µm
_1325_,5.99µm
_0136_,5.98µm
_0137_,5.98µm
_1963_,5.98µm
_2250_,5.98µm
net815,5.98µm
net835,5.98µm
net926,5.98µm
net928,5.98µm
net1000,5.98µm
net1010,5.98µm
net1026,5.98µm
net1040,5.98µm
net1259,5.98µm
in_data_flat[11],5.97µm
in_data_flat[136],5.97µm
in_data_flat[13],5.97µm
in_data_flat[148],5.97µm
in_data_flat[149],5.97µm
in_data_flat[172],5.97µm
in_data_flat[179],5.97µm
in_data_flat[212],5.97µm
in_data_flat[241],5.97µm
in_data_flat[242],5.97µm
in_data_flat[243],5.97µm
in_data_flat[248],5.97µm
in_data_flat[249],5.97µm
in_data_flat[34],5.97µm
in_data_flat[35],5.97µm
in_data_flat[41],5.97µm
in_data_flat[47],5.97µm
_0384_,5.96µm
_0551_,5.96µm
_2221_,5.96µm
net1072,5.96µm
net1130,5.96µm
_0823_,5.95µm
_1078_,5.94µm
_0182_,5.92µm
_0302_,5.92µm
_0363_,5.92µm
_0423_,5.92µm
_1770_,5.92µm
net831,5.92µm
net1013,5.92µm
net1115,5.92µm
_0761_,5.91µm
_0801_,5.91µm
_1016_,5.91µm
_1022_,5.91µm
_1025_,5.91µm
_1314_,5.87µm
_2000_,5.86µm
_2081_,5.86µm
gen_left\[0\]\[19\],5.84µm
gen_left\[1\]\[24\],5.84µm
gen_left\[1\]\[29\],5.84µm
gen_left\[1\]\[31\],5.84µm
gen_left\[3\]\[2\],5.84µm
gen_left\[3\]\[3\],5.84µm
gen_left\[5\]\[24\],5.84µm
gen_pe\[1\].pe_inst.out_right\[8\],5.84µm
gen_pe\[6\].pe_inst.out_right\[23\],5.84µm
out_data_flat[144],5.84µm
out_data_flat[184],5.84µm
net866,5.84µm
net899,5.84µm
_0053_,5.8µm
_0184_,5.8µm
_0388_,5.8µm
_0467_,5.8µm
_1105_,5.8µm
_1379_,5.8µm
_1525_,5.8µm
gen_left\[4\]\[22\],5.8µm
gen_left\[6\]\[20\],5.8µm
gen_pe\[1\].pe_inst.out_right\[30\],5.8µm
gen_pe\[5\].pe_inst.out_right\[30\],5.8µm
gen_pe\[6\].pe_inst.out_right\[11\],5.8µm
net1011,5.8µm
net1178,5.8µm
net1221,5.8µm
_1656_,5.78µm
_1250_,5.75µm
_1889_,5.75µm
out_data_flat[107],5.75µm
out_data_flat[111],5.75µm
out_data_flat[112],5.75µm
out_data_flat[113],5.75µm
out_data_flat[11],5.75µm
out_data_flat[147],5.75µm
out_data_flat[149],5.75µm
out_data_flat[151],5.75µm
out_data_flat[153],5.75µm
out_data_flat[170],5.75µm
out_data_flat[174],5.75µm
out_data_flat[177],5.75µm
out_data_flat[183],5.75µm
out_data_flat[186],5.75µm
out_data_flat[210],5.75µm
out_data_flat[216],5.75µm
out_data_flat[217],5.75µm
out_data_flat[219],5.75µm
out_data_flat[240],5.75µm
out_data_flat[245],5.75µm
out_data_flat[249],5.75µm
out_data_flat[255],5.75µm
out_data_flat[35],5.75µm
out_data_flat[40],5.75µm
out_data_flat[41],5.75µm
out_data_flat[42],5.75µm
out_data_flat[48],5.75µm
out_data_flat[50],5.75µm
out_data_flat[51],5.75µm
out_data_flat[64],5.75µm
out_data_flat[65],5.75µm
out_data_flat[76],5.75µm
out_data_flat[81],5.75µm
out_data_flat[87],5.75µm
_0521_,5.74µm
_2247_,5.74µm
_2279_,5.74µm
net902,5.74µm
_0975_,5.72µm
_1288_,5.72µm
gen_pe\[1\].pe_inst.out_right\[12\],5.72µm
_0826_,5.7µm
gen_left\[5\]\[5\],5.7µm
_2112_,5.68µm
_2166_,5.68µm
_2304_,5.68µm
_2333_,5.68µm
gen_left\[4\]\[19\],5.68µm
gen_pe\[0\].pe_inst.out_right\[13\],5.68µm
gen_pe\[2\].pe_inst.out_right\[12\],5.68µm
gen_pe\[2\].pe_inst.out_right\[17\],5.68µm
net1098,5.68µm
net1155,5.68µm
net1213,5.68µm
_0545_,5.65µm
net897,5.64µm
in_data_flat[108],5.63µm
in_data_flat[111],5.63µm
in_data_flat[114],5.63µm
in_data_flat[184],5.63µm
in_data_flat[240],5.63µm
in_data_flat[244],5.63µm
in_data_flat[245],5.63µm
in_data_flat[247],5.63µm
in_data_flat[55],5.63µm
in_data_flat[64],5.63µm
_0333_,5.62µm
_0863_,5.6µm
_2087_,5.6µm
net860,5.58µm
_0371_,5.56µm
_0943_,5.56µm
_1019_,5.56µm
net1095,5.56µm
_0255_,5.545µm
_0126_,5.52µm
_1829_,5.52µm
gen_left\[5\]\[15\],5.52µm
_0441_,5.5µm
net1076,5.5µm
_0824_,5.49µm
_0872_,5.49µm
_0188_,5.48µm
_0193_,5.48µm
gen_left\[3\]\[19\],5.48µm
gen_pe\[2\].pe_inst.out_right\[14\],5.48µm
net845,5.48µm
_0089_,5.46µm
_0260_,5.46µm
_0368_,5.46µm
_0445_,5.46µm
_0587_,5.46µm
_0626_,5.46µm
_0854_,5.46µm
net1142,5.46µm
_1326_,5.44µm
_1116_,5.43µm
_1248_,5.43µm
_1296_,5.43µm
_1322_,5.43µm
_1316_,5.41µm
in_data_flat[106],5.41µm
in_data_flat[113],5.41µm
in_data_flat[49],5.41µm
in_data_flat[50],5.41µm
in_data_flat[97],5.41µm
out_data_flat[117],5.41µm
out_data_flat[208],5.41µm
out_data_flat[242],5.41µm
out_data_flat[3],5.41µm
_0189_,5.4µm
_0405_,5.4µm
_0465_,5.4µm
gen_left\[4\]\[11\],5.4µm
gen_left\[4\]\[4\],5.4µm
_0644_,5.39µm
_0987_,5.39µm
_0011_,5.38µm
_0241_,5.38µm
_0419_,5.38µm
_0509_,5.38µm
_1353_,5.38µm
_1361_,5.38µm
_1454_,5.38µm
_1544_,5.38µm
_1588_,5.38µm
gen_left\[0\]\[22\],5.38µm
gen_left\[0\]\[28\],5.38µm
gen_left\[0\]\[30\],5.38µm
gen_left\[0\]\[8\],5.38µm
gen_left\[1\]\[23\],5.38µm
gen_left\[1\]\[6\],5.38µm
gen_left\[3\]\[26\],5.38µm
gen_left\[5\]\[0\],5.38µm
gen_left\[6\]\[21\],5.38µm
gen_pe\[1\].pe_inst.out_right\[14\],5.38µm
gen_pe\[1\].pe_inst.out_right\[21\],5.38µm
gen_pe\[5\].pe_inst.out_right\[17\],5.38µm
net1137,5.38µm
_0734_,5.36µm
_0129_,5.34µm
_0148_,5.34µm
_0172_,5.34µm
_0539_,5.34µm
_0563_,5.34µm
_1572_,5.34µm
_1573_,5.34µm
_1987_,5.34µm
_2095_,5.34µm
_2258_,5.34µm
gen_left\[0\]\[26\],5.34µm
gen_left\[2\]\[19\],5.34µm
gen_left\[3\]\[9\],5.34µm
gen_left\[5\]\[21\],5.34µm
gen_pe\[0\].pe_inst.out_right\[12\],5.34µm
gen_pe\[6\].pe_inst.out_right\[29\],5.34µm
net874,5.34µm
net946,5.34µm
net997,5.34µm
_0748_,5.33µm
_0950_,5.33µm
_1111_,5.33µm
_1207_,5.33µm
_1252_,5.33µm
in_data_flat[107],5.29µm
in_data_flat[144],5.29µm
in_data_flat[145],5.29µm
in_data_flat[170],5.29µm
in_data_flat[175],5.29µm
in_data_flat[213],5.29µm
in_data_flat[214],5.29µm
in_data_flat[218],5.29µm
in_data_flat[39],5.29µm
in_data_flat[46],5.29µm
in_data_flat[72],5.29µm
in_data_flat[75],5.29µm
in_data_flat[76],5.29µm
in_data_flat[7],5.29µm
in_data_flat[82],5.29µm
in_data_flat[84],5.29µm
in_data_flat[96],5.29µm
_2260_,5.28µm
_0171_,5.26µm
_0194_,5.26µm
_0439_,5.26µm
_0638_,5.26µm
_1745_,5.26µm
_1840_,5.26µm
_2232_,5.26µm
_2308_,5.26µm
net1062,5.26µm
_1994_,5.24µm
net970,5.24µm
_1112_,5.22µm
_1556_,5.22µm
_1881_,5.22µm
gen_left\[4\]\[17\],5.22µm
net171,5.22µm
net840,5.22µm
net858,5.22µm
net889,5.22µm
_0471_,5.16µm
out_data_flat[211],5.15µm
_0376_,5.14µm
_0383_,5.14µm
_1049_,5.14µm
_2219_,5.14µm
_2021_,5.12µm
_0935_,5.1µm
_0962_,5.1µm
_1126_,5.1µm
net965,5.095µm
_1244_,5.07µm
_1279_,5.07µm
in_data_flat[112],5.07µm
in_data_flat[115],5.07µm
in_data_flat[169],5.07µm
out_data_flat[105],5.07µm
out_data_flat[106],5.07µm
out_data_flat[115],5.07µm
out_data_flat[116],5.07µm
out_data_flat[118],5.07µm
out_data_flat[119],5.07µm
out_data_flat[139],5.07µm
out_data_flat[142],5.07µm
out_data_flat[154],5.07µm
out_data_flat[15],5.07µm
out_data_flat[176],5.07µm
out_data_flat[178],5.07µm
out_data_flat[185],5.07µm
out_data_flat[187],5.07µm
out_data_flat[201],5.07µm
out_data_flat[202],5.07µm
out_data_flat[209],5.07µm
out_data_flat[212],5.07µm
out_data_flat[241],5.07µm
out_data_flat[243],5.07µm
out_data_flat[244],5.07µm
out_data_flat[246],5.07µm
out_data_flat[247],5.07µm
out_data_flat[248],5.07µm
out_data_flat[38],5.07µm
out_data_flat[45],5.07µm
out_data_flat[47],5.07µm
out_data_flat[49],5.07µm
out_data_flat[5],5.07µm
out_data_flat[6],5.07µm
out_data_flat[75],5.07µm
out_data_flat[78],5.07µm
out_data_flat[7],5.07µm
out_data_flat[80],5.07µm
out_data_flat[83],5.07µm
out_data_flat[85],5.07µm
out_data_flat[9],5.07µm
_0345_,5.06µm
_0238_,5.04µm
_0272_,5.04µm
_0292_,5.04µm
_0364_,5.04µm
net994,5.04µm
net1058,5.04µm
_0320_,5.025µm
_1262_,5.02µm
_1342_,5.02µm
gen_left\[4\]\[21\],5.02µm
net1173,5.02µm
_0197_,5µm
_0402_,5µm
_0455_,5µm
_0564_,5µm
_1166_,5µm
_1358_,5µm
net977,5µm
_0707_,4.99µm
_0813_,4.99µm
_0957_,4.99µm
_1068_,4.99µm
_1190_,4.99µm
_0708_,4.97µm
_0787_,4.97µm
_1295_,4.97µm
_0522_,4.965µm
_0698_,4.95µm
in_data_flat[116],4.95µm
in_data_flat[117],4.95µm
in_data_flat[121],4.95µm
in_data_flat[15],4.95µm
in_data_flat[177],4.95µm
in_data_flat[182],4.95µm
in_data_flat[186],4.95µm
in_data_flat[216],4.95µm
in_data_flat[217],4.95µm
in_data_flat[219],4.95µm
in_data_flat[222],4.95µm
in_data_flat[223],4.95µm
in_data_flat[246],4.95µm
in_data_flat[250],4.95µm
in_data_flat[255],4.95µm
in_data_flat[38],4.95µm
in_data_flat[42],4.95µm
in_data_flat[43],4.95µm
in_data_flat[77],4.95µm
_0503_,4.94µm
_0594_,4.94µm
_1402_,4.94µm
_0686_,4.93µm
_0005_,4.92µm
_0021_,4.92µm
_0112_,4.92µm
_0128_,4.92µm
_0155_,4.92µm
_0635_,4.92µm
_0687_,4.92µm
_1362_,4.92µm
_1524_,4.92µm
_1551_,4.92µm
gen_left\[0\]\[11\],4.92µm
gen_left\[0\]\[21\],4.92µm
gen_left\[1\]\[9\],4.92µm
gen_left\[3\]\[25\],4.92µm
gen_left\[3\]\[6\],4.92µm
gen_left\[5\]\[11\],4.92µm
gen_pe\[1\].pe_inst.out_right\[5\],4.92µm
gen_pe\[3\].pe_inst.out_right\[21\],4.92µm
gen_pe\[4\].pe_inst.out_right\[31\],4.92µm
net905,4.92µm
net1001,4.92µm
net1154,4.92µm
_0070_,4.9µm
_0866_,4.9µm
_2285_,4.9µm
_0009_,4.88µm
_0157_,4.88µm
_0214_,4.88µm
_0443_,4.88µm
_1708_,4.88µm
_1901_,4.88µm
_1980_,4.88µm
gen_pe\[1\].pe_inst.out_right\[4\],4.88µm
net1192,4.88µm
_0751_,4.87µm
_0791_,4.87µm
_0794_,4.87µm
_0868_,4.87µm
_0956_,4.87µm
_1012_,4.87µm
_1064_,4.87µm
_1140_,4.87µm
_1153_,4.87µm
_1591_,4.82µm
_2018_,4.82µm
_0103_,4.8µm
_0906_,4.8µm
_1398_,4.8µm
_1547_,4.8µm
_1575_,4.8µm
_1581_,4.8µm
gen_left\[1\]\[11\],4.8µm
gen_left\[3\]\[10\],4.8µm
gen_left\[3\]\[21\],4.8µm
gen_left\[4\]\[16\],4.8µm
gen_left\[5\]\[16\],4.8µm
gen_pe\[0\].pe_inst.out_right\[11\],4.8µm
net823,4.8µm
net862,4.8µm
net882,4.8µm
net892,4.8µm
net908,4.8µm
net954,4.8µm
net1075,4.8µm
net1101,4.8µm
_0678_,4.78µm
_1557_,4.76µm
_1711_,4.76µm
_2236_,4.76µm
gen_left\[6\]\[27\],4.76µm
gen_pe\[1\].pe_inst.sel,4.76µm
gen_pe\[2\].pe_inst.out_right\[16\],4.76µm
net867,4.76µm
net972,4.76µm
_1240_,4.75µm
in_data_flat[203],4.73µm
out_data_flat[0],4.73µm
out_data_flat[108],4.73µm
out_data_flat[109],4.73µm
out_data_flat[10],4.73µm
out_data_flat[114],4.73µm
out_data_flat[136],4.73µm
out_data_flat[181],4.73µm
out_data_flat[203],4.73µm
out_data_flat[32],4.73µm
out_data_flat[34],4.73µm
out_data_flat[43],4.73µm
out_data_flat[79],4.73µm
out_data_flat[86],4.73µm
net1054,4.725µm
_0569_,4.72µm
_0264_,4.68µm
_0480_,4.68µm
_1071_,4.68µm
_1072_,4.68µm
_1163_,4.68µm
net923,4.68µm
net962,4.68µm
out_data_flat[152],4.67µm
_1817_,4.66µm
net1159,4.635µm
_0654_,4.61µm
_0671_,4.61µm
_0768_,4.61µm
_0799_,4.61µm
_0847_,4.61µm
_1001_,4.61µm
_1168_,4.61µm
_1214_,4.61µm
_1243_,4.61µm
_1284_,4.61µm
in_data_flat[104],4.61µm
in_data_flat[109],4.61µm
in_data_flat[119],4.61µm
in_data_flat[146],4.61µm
in_data_flat[176],4.61µm
in_data_flat[180],4.61µm
in_data_flat[181],4.61µm
in_data_flat[185],4.61µm
in_data_flat[187],4.61µm
in_data_flat[1],4.61µm
in_data_flat[215],4.61µm
in_data_flat[251],4.61µm
in_data_flat[51],4.61µm
in_data_flat[73],4.61µm
in_data_flat[74],4.61µm
in_data_flat[78],4.61µm
in_data_flat[80],4.61µm
load,4.61µm
rst,4.61µm
_0341_,4.605µm
_0111_,4.6µm
_0191_,4.6µm
gen_left\[0\]\[0\],4.6µm
gen_pe\[3\].pe_inst.out_right\[18\],4.6µm
_0018_,4.58µm
_0217_,4.58µm
_0366_,4.58µm
_0535_,4.58µm
net1112,4.58µm
net1127,4.58µm
net1245,4.58µm
_0519_,4.56µm
_0505_,4.54µm
_0553_,4.54µm
_0796_,4.54µm
_0991_,4.54µm
_1006_,4.54µm
_1008_,4.54µm
_1121_,4.54µm
_1133_,4.54µm
_1395_,4.54µm
_0691_,4.53µm
_0753_,4.53µm
_0755_,4.53µm
_0867_,4.53µm
_0942_,4.53µm
_0988_,4.53µm
_0999_,4.53µm
_1011_,4.53µm
_1021_,4.53µm
_1132_,4.53µm
_1213_,4.53µm
_1255_,4.53µm
_1305_,4.53µm
_1145_,4.51µm
_0102_,4.48µm
_0235_,4.48µm
_0399_,4.48µm
_0612_,4.48µm
_1862_,4.48µm
net852,4.48µm
_0982_,4.47µm
_0057_,4.46µm
_0071_,4.46µm
_0133_,4.46µm
_0151_,4.46µm
_0325_,4.46µm
_0353_,4.46µm
_0559_,4.46µm
_1359_,4.46µm
_1388_,4.46µm
_1580_,4.46µm
gen_left\[0\]\[31\],4.46µm
gen_left\[0\]\[4\],4.46µm
gen_left\[0\]\[5\],4.46µm
gen_left\[3\]\[30\],4.46µm
gen_left\[4\]\[13\],4.46µm
gen_left\[6\]\[12\],4.46µm
gen_left\[6\]\[25\],4.46µm
gen_pe\[1\].pe_inst.out_right\[20\],4.46µm
gen_pe\[3\].pe_inst.out_right\[7\],4.46µm
gen_pe\[4\].pe_inst.out_right\[0\],4.46µm
gen_pe\[5\].pe_inst.out_right\[13\],4.46µm
gen_pe\[6\].pe_inst.out_right\[16\],4.46µm
net816,4.46µm
net1015,4.46µm
net1020,4.46µm
net1163,4.46µm
net1166,4.46µm
net1224,4.46µm
_0497_,4.42µm
_0536_,4.42µm
_0602_,4.42µm
_1376_,4.42µm
_1560_,4.42µm
_1839_,4.42µm
gen_pe\[3\].pe_inst.out_right\[23\],4.42µm
net829,4.42µm
net1144,4.42µm
out_data_flat[104],4.39µm
out_data_flat[110],4.39µm
out_data_flat[137],4.39µm
out_data_flat[13],4.39µm
out_data_flat[140],4.39µm
out_data_flat[141],4.39µm
out_data_flat[143],4.39µm
out_data_flat[145],4.39µm
out_data_flat[146],4.39µm
out_data_flat[148],4.39µm
out_data_flat[14],4.39µm
out_data_flat[150],4.39µm
out_data_flat[168],4.39µm
out_data_flat[169],4.39µm
out_data_flat[171],4.39µm
out_data_flat[173],4.39µm
out_data_flat[175],4.39µm
out_data_flat[179],4.39µm
out_data_flat[180],4.39µm
out_data_flat[207],4.39µm
out_data_flat[213],4.39µm
out_data_flat[214],4.39µm
out_data_flat[215],4.39µm
out_data_flat[218],4.39µm
out_data_flat[250],4.39µm
out_data_flat[251],4.39µm
out_data_flat[2],4.39µm
out_data_flat[33],4.39µm
out_data_flat[39],4.39µm
out_data_flat[44],4.39µm
out_data_flat[46],4.39µm
out_data_flat[55],4.39µm
out_data_flat[66],4.39µm
out_data_flat[67],4.39µm
out_data_flat[72],4.39µm
out_data_flat[73],4.39µm
out_data_flat[74],4.39µm
out_data_flat[82],4.39µm
out_data_flat[84],4.39µm
out_data_flat[96],4.39µm
_1683_,4.36µm
gen_pe\[5\].pe_inst.out_right\[20\],4.36µm
_0212_,4.34µm
_0896_,4.34µm
_1549_,4.34µm
_2056_,4.34µm
gen_left\[1\]\[5\],4.34µm
gen_left\[3\]\[11\],4.34µm
gen_pe\[1\].pe_inst.out_right\[18\],4.34µm
gen_pe\[3\].pe_inst.out_right\[0\],4.34µm
gen_pe\[4\].pe_inst.out_right\[10\],4.34µm
gen_pe\[4\].pe_inst.out_right\[30\],4.34µm
net821,4.34µm
net883,4.34µm
net884,4.34µm
net934,4.34µm
net940,4.34µm
net969,4.34µm
net978,4.34µm
net1006,4.34µm
net1145,4.34µm
net1179,4.34µm
_0660_,4.27µm
_1302_,4.27µm
in_data_flat[105],4.27µm
in_data_flat[128],4.27µm
in_data_flat[140],4.27µm
in_data_flat[147],4.27µm
in_data_flat[14],4.27µm
in_data_flat[153],4.27µm
in_data_flat[183],4.27µm
in_data_flat[210],4.27µm
in_data_flat[40],4.27µm
in_data_flat[65],4.27µm
in_data_flat[66],4.27µm
in_data_flat[67],4.27µm
in_data_flat[6],4.27µm
in_data_flat[79],4.27µm
net893,4.265µm
_2054_,4.24µm
net871,4.24µm
net1090,4.24µm
_0929_,4.22µm
_1093_,4.22µm
_1113_,4.22µm
_2259_,4.22µm
net1068,4.22µm
_0652_,4.15µm
_0948_,4.15µm
_1085_,4.15µm
_1123_,4.15µm
_1304_,4.15µm
_1636_,4.14µm
gen_left\[3\]\[12\],4.14µm
gen_left\[5\]\[26\],4.14µm
net1032,4.14µm
_0201_,4.12µm
_0460_,4.12µm
_0771_,4.12µm
net838,4.12µm
net859,4.12µm
net888,4.12µm
net929,4.12µm
net974,4.12µm
net1009,4.12µm
net1056,4.12µm
net1106,4.12µm
net1132,4.12µm
net1217,4.12µm
net1228,4.12µm
_0518_,4.1µm
gen_left\[3\]\[8\],4.1µm
gen_pe\[6\].pe_inst.out_right\[1\],4.1µm
_0263_,4.08µm
_1290_,4.08µm
_0648_,4.07µm
_0651_,4.07µm
_0661_,4.07µm
_1095_,4.07µm
_1306_,4.07µm
gen_pe\[1\].pe_inst.out_right\[25\],4.06µm
_0049_,4.02µm
_0231_,4.02µm
_0529_,4.02µm
gen_left\[4\]\[10\],4.02µm
gen_left\[6\]\[6\],4.02µm
_0000_,4µm
_0014_,4µm
_0082_,4µm
_0091_,4µm
_0118_,4µm
_0211_,4µm
_0446_,4µm
_0502_,4µm
_0589_,4µm
_1552_,4µm
_1567_,4µm
_1776_,4µm
_2196_,4µm
gen_left\[0\]\[13\],4µm
gen_left\[0\]\[24\],4µm
gen_left\[1\]\[27\],4µm
gen_left\[5\]\[29\],4µm
gen_pe\[0\].pe_inst.out_right\[15\],4µm
gen_pe\[3\].pe_inst.out_right\[16\],4µm
gen_pe\[5\].pe_inst.out_right\[0\],4µm
gen_pe\[5\].pe_inst.out_right\[10\],4µm
gen_pe\[6\].pe_inst.out_right\[24\],4µm
gen_pe\[6\].pe_inst.out_right\[28\],4µm
net824,4µm
net913,4µm
net915,4µm
net947,4µm
net987,4µm
net995,4µm
net1007,4µm
net1041,4µm
net1080,4µm
net1093,4µm
in_data_flat[110],3.93µm
in_data_flat[137],3.93µm
in_data_flat[139],3.93µm
in_data_flat[143],3.93µm
in_data_flat[152],3.93µm
in_data_flat[171],3.93µm
in_data_flat[2],3.93µm
in_data_flat[45],3.93µm
in_data_flat[81],3.93µm
in_data_flat[83],3.93µm
_2275_,3.9µm
_0060_,3.88µm
_0150_,3.88µm
_0170_,3.88µm
_0971_,3.88µm
_1182_,3.88µm
_1203_,3.88µm
_2239_,3.88µm
_2242_,3.88µm
gen_left\[6\]\[14\],3.88µm
gen_pe\[0\].pe_inst.out_right\[21\],3.88µm
net989,3.88µm
net1070,3.88µm
net1165,3.88µm
net1182,3.88µm
_0955_,3.86µm
_0152_,3.805µm
net890,3.78µm
net916,3.78µm
_0248_,3.76µm
_0322_,3.76µm
_0336_,3.76µm
_0693_,3.76µm
_0770_,3.76µm
_0822_,3.76µm
_0838_,3.76µm
_0849_,3.76µm
_0973_,3.76µm
_1814_,3.76µm
gen_pe\[0\].pe_inst.out_right\[1\],3.76µm
net1139,3.72µm
_0641_,3.69µm
_1300_,3.69µm
_1337_,3.69µm
_0473_,3.68µm
gen_left\[1\]\[4\],3.68µm
gen_pe\[6\].pe_inst.out_right\[17\],3.68µm
net910,3.68µm
net1002,3.68µm
net1008,3.68µm
net1211,3.675µm
_0229_,3.66µm
_0438_,3.66µm
_0499_,3.66µm
_0617_,3.66µm
_0659_,3.66µm
_0960_,3.66µm
net855,3.66µm
net964,3.66µm
net981,3.66µm
net1051,3.66µm
net1055,3.66µm
net1060,3.66µm
net1195,3.66µm
_0259_,3.64µm
_0424_,3.64µm
gen_left\[1\]\[25\],3.64µm
gen_pe\[2\].pe_inst.out_right\[24\],3.64µm
_0669_,3.61µm
_1257_,3.61µm
_1329_,3.61µm
_0830_,3.59µm
_0949_,3.59µm
_0951_,3.59µm
_1315_,3.59µm
_0029_,3.56µm
_0034_,3.56µm
_0084_,3.56µm
_0101_,3.56µm
_0146_,3.56µm
_0165_,3.56µm
_0337_,3.56µm
_0507_,3.56µm
_0582_,3.56µm
gen_left\[6\]\[13\],3.56µm
net1189,3.56µm
net1194,3.56µm
net1229,3.56µm
net1242,3.56µm
_0024_,3.54µm
_0055_,3.54µm
_0056_,3.54µm
_0088_,3.54µm
_0280_,3.54µm
_0377_,3.54µm
_0430_,3.54µm
_0561_,3.54µm
_0562_,3.54µm
_0598_,3.54µm
_0963_,3.54µm
_1368_,3.54µm
_1382_,3.54µm
_1553_,3.54µm
gen_left\[0\]\[10\],3.54µm
gen_left\[1\]\[21\],3.54µm
gen_left\[3\]\[16\],3.54µm
gen_left\[5\]\[30\],3.54µm
gen_pe\[1\].pe_inst.out_right\[10\],3.54µm
gen_pe\[1\].pe_inst.out_right\[24\],3.54µm
gen_pe\[2\].pe_inst.out_right\[1\],3.54µm
gen_pe\[2\].pe_inst.out_right\[9\],3.54µm
gen_pe\[3\].pe_inst.out_right\[14\],3.54µm
gen_pe\[4\].pe_inst.out_right\[21\],3.54µm
gen_pe\[4\].pe_inst.out_right\[26\],3.54µm
gen_pe\[4\].pe_inst.out_right\[28\],3.54µm
gen_pe\[5\].pe_inst.out_right\[16\],3.54µm
gen_pe\[5\].pe_inst.out_right\[6\],3.54µm
gen_pe\[6\].pe_inst.out_right\[13\],3.54µm
gen_pe\[6\].pe_inst.out_right\[30\],3.54µm
gen_pe\[6\].pe_inst.out_right\[3\],3.54µm
net857,3.54µm
net927,3.54µm
net1128,3.54µm
net1164,3.54µm
net1188,3.54µm
net1193,3.54µm
net1198,3.54µm
_0113_,3.52µm
_1286_,3.52µm
gen_pe\[1\].pe_inst.out_right\[27\],3.44µm
_0066_,3.42µm
_0351_,3.42µm
_0993_,3.42µm
_1211_,3.42µm
_1364_,3.42µm
_1569_,3.42µm
gen_left\[2\]\[17\],3.42µm
gen_left\[2\]\[4\],3.42µm
gen_left\[5\]\[25\],3.42µm
gen_left\[6\]\[17\],3.42µm
gen_pe\[0\].pe_inst.out_right\[27\],3.42µm
gen_pe\[0\].pe_inst.out_right\[9\],3.42µm
net894,3.42µm
net914,3.42µm
net930,3.42µm
net982,3.42µm
net1105,3.42µm
net1156,3.42µm
_0725_,3.4µm
net895,3.385µm
_0897_,3.35µm
_1206_,3.35µm
_1299_,3.35µm
_2012_,3.32µm
net1046,3.32µm
net1065,3.32µm
_0265_,3.3µm
_0288_,3.3µm
_0555_,3.3µm
_0827_,3.3µm
_0836_,3.3µm
_0977_,3.3µm
_1059_,3.3µm
_1122_,3.3µm
_1202_,3.3µm
_1208_,3.3µm
net999,3.3µm
net1120,3.3µm
net1094,3.28µm
net1125,3.26µm
_0682_,3.23µm
_0709_,3.23µm
_0839_,3.23µm
_0972_,3.23µm
_1099_,3.23µm
_1149_,3.23µm
_1222_,3.23µm
_1298_,3.23µm
_1321_,3.23µm
_1327_,3.23µm
_0030_,3.22µm
_0067_,3.22µm
_0083_,3.22µm
_0092_,3.22µm
_0094_,3.22µm
_0099_,3.22µm
_0130_,3.22µm
_0147_,3.22µm
_0154_,3.22µm
_0159_,3.22µm
_0190_,3.22µm
_1360_,3.22µm
_1390_,3.22µm
_1407_,3.22µm
gen_left\[1\]\[19\],3.22µm
gen_left\[5\]\[1\],3.22µm
gen_left\[5\]\[22\],3.22µm
gen_left\[5\]\[23\],3.22µm
gen_pe\[3\].pe_inst.out_right\[22\],3.22µm
gen_pe\[3\].pe_inst.out_right\[4\],3.22µm
gen_pe\[5\].pe_inst.out_right\[23\],3.22µm
gen_pe\[5\].pe_inst.out_right\[26\],3.22µm
gen_pe\[6\].pe_inst.out_right\[18\],3.22µm
gen_pe\[6\].pe_inst.out_right\[22\],3.22µm
gen_pe\[6\].pe_inst.out_right\[25\],3.22µm
net1131,3.22µm
_0187_,3.2µm
_0239_,3.2µm
_0296_,3.2µm
_0356_,3.2µm
_0389_,3.2µm
_0412_,3.2µm
_0463_,3.2µm
_0560_,3.2µm
net853,3.2µm
net932,3.2µm
net944,3.2µm
net950,3.2µm
net1064,3.2µm
net1114,3.2µm
net1126,3.2µm
net1136,3.2µm
net1187,3.2µm
_0662_,3.18µm
_0841_,3.18µm
_0882_,3.18µm
_0911_,3.18µm
_0984_,3.18µm
_1155_,3.18µm
_1268_,3.18µm
_1646_,3.18µm
_2023_,3.18µm
gen_pe\[6\].pe_inst.out_right\[7\],3.18µm
_0763_,3.13µm
_1023_,3.13µm
_1129_,3.13µm
_1151_,3.13µm
_1159_,3.13µm
_1189_,3.13µm
_1236_,3.13µm
_0283_,3.1µm
_0408_,3.1µm
_0411_,3.1µm
_2034_,3.1µm
_0032_,3.08µm
_0045_,3.08µm
_0046_,3.08µm
_0062_,3.08µm
_0076_,3.08µm
_0104_,3.08µm
_0120_,3.08µm
_0135_,3.08µm
_0315_,3.08µm
_0326_,3.08µm
_0347_,3.08µm
_0372_,3.08µm
_0393_,3.08µm
_0400_,3.08µm
_0427_,3.08µm
_0461_,3.08µm
_0530_,3.08µm
_0547_,3.08µm
_0618_,3.08µm
_0619_,3.08µm
_1125_,3.08µm
_1369_,3.08µm
_1604_,3.08µm
_2093_,3.08µm
gen_left\[0\]\[6\],3.08µm
gen_left\[5\]\[12\],3.08µm
gen_left\[5\]\[18\],3.08µm
gen_pe\[0\].pe_inst.out_right\[10\],3.08µm
gen_pe\[1\].pe_inst.out_right\[13\],3.08µm
gen_pe\[1\].pe_inst.out_right\[19\],3.08µm
gen_pe\[1\].pe_inst.out_right\[28\],3.08µm
gen_pe\[2\].pe_inst.out_right\[28\],3.08µm
gen_pe\[2\].pe_inst.out_right\[4\],3.08µm
gen_pe\[3\].pe_inst.out_right\[12\],3.08µm
gen_pe\[5\].pe_inst.out_right\[18\],3.08µm
gen_pe\[5\].pe_inst.out_right\[3\],3.08µm
gen_pe\[6\].pe_inst.out_right\[12\],3.08µm
gen_pe\[6\].pe_inst.out_right\[21\],3.08µm
net817,3.08µm
net983,3.08µm
net985,3.08µm
net1029,3.08µm
net1082,3.08µm
net1110,3.08µm
net1146,3.08µm
net1168,3.08µm
net1203,3.08µm
net1239,3.08µm
_0745_,3.06µm
_0995_,3.06µm
gen_left\[2\]\[20\],3.06µm
_1057_,3.03µm
_0731_,3.01µm
_1225_,3.01µm
_1598_,2.98µm
_2084_,2.98µm
_0374_,2.96µm
_0459_,2.96µm
_0544_,2.96µm
_0718_,2.96µm
_0721_,2.96µm
_0927_,2.96µm
_1058_,2.96µm
_1294_,2.96µm
_1313_,2.96µm
_1620_,2.96µm
_2193_,2.96µm
_2211_,2.96µm
_2311_,2.96µm
gen_pe\[0\].pe_inst.out_right\[20\],2.96µm
gen_pe\[2\].pe_inst.out_right\[31\],2.96µm
net870,2.96µm
net873,2.96µm
net961,2.96µm
net1016,2.96µm
net1030,2.96µm
net1061,2.96µm
net1118,2.96µm
net1180,2.96µm
_0980_,2.89µm
net869,2.86µm
net875,2.86µm
net881,2.86µm
net896,2.86µm
net996,2.86µm
net1096,2.86µm
net1255,2.86µm
_0304_,2.84µm
_0515_,2.84µm
_0613_,2.84µm
_0647_,2.84µm
_0649_,2.84µm
_0673_,2.84µm
_0677_,2.84µm
_0695_,2.84µm
_0702_,2.84µm
_0712_,2.84µm
_0726_,2.84µm
_0729_,2.84µm
_0737_,2.84µm
_0739_,2.84µm
_0749_,2.84µm
_0765_,2.84µm
_0784_,2.84µm
_0788_,2.84µm
_0832_,2.84µm
_0846_,2.84µm
_0864_,2.84µm
_0871_,2.84µm
_0875_,2.84µm
_0881_,2.84µm
_0921_,2.84µm
_0928_,2.84µm
_0933_,2.84µm
_0937_,2.84µm
_0969_,2.84µm
_0983_,2.84µm
_1010_,2.84µm
_1030_,2.84µm
_1044_,2.84µm
_1046_,2.84µm
_1050_,2.84µm
_1053_,2.84µm
_1061_,2.84µm
_1079_,2.84µm
_1081_,2.84µm
_1084_,2.84µm
_1096_,2.84µm
_1101_,2.84µm
_1107_,2.84µm
_1120_,2.84µm
_1165_,2.84µm
_1167_,2.84µm
_1170_,2.84µm
_1205_,2.84µm
_1219_,2.84µm
_1221_,2.84µm
_1253_,2.84µm
_1264_,2.84µm
_1336_,2.84µm
net880,2.84µm
net952,2.84µm
net968,2.84µm
net1123,2.835µm
net1147,2.835µm
_0668_,2.77µm
_0701_,2.77µm
_0879_,2.77µm
_0886_,2.77µm
_0978_,2.77µm
_1024_,2.77µm
_1204_,2.77µm
_1228_,2.77µm
_1345_,2.77µm
_0413_,2.765µm
_0010_,2.76µm
_0047_,2.76µm
_0086_,2.76µm
_0158_,2.76µm
_1373_,2.76µm
_1403_,2.76µm
gen_left\[0\]\[20\],2.76µm
gen_left\[1\]\[12\],2.76µm
gen_left\[3\]\[22\],2.76µm
gen_pe\[1\].pe_inst.out_right\[3\],2.76µm
_0198_,2.74µm
_0204_,2.74µm
_0207_,2.74µm
_0218_,2.74µm
_0222_,2.74µm
_0268_,2.74µm
_0279_,2.74µm
_0282_,2.74µm
_0324_,2.74µm
_0348_,2.74µm
_0387_,2.74µm
_0401_,2.74µm
_0431_,2.74µm
_0464_,2.74µm
_0552_,2.74µm
_0565_,2.74µm
_0596_,2.74µm
_0685_,2.74µm
_0775_,2.74µm
_0833_,2.74µm
_0938_,2.74µm
_1076_,2.74µm
_1144_,2.74µm
_1239_,2.74µm
net851,2.74µm
net1025,2.74µm
_0804_,2.72µm
_0835_,2.72µm
_0842_,2.72µm
_0874_,2.72µm
_0890_,2.72µm
_0946_,2.72µm
_0968_,2.72µm
_1141_,2.72µm
_1280_,2.72µm
gen_pe\[3\].pe_inst.out_right\[11\],2.72µm
_0850_,2.69µm
_0891_,2.69µm
_0932_,2.69µm
_0939_,2.69µm
_0994_,2.69µm
_1031_,2.69µm
_1036_,2.69µm
_1052_,2.69µm
_1097_,2.69µm
_1098_,2.69µm
_1137_,2.69µm
_1164_,2.69µm
_1198_,2.69µm
_1220_,2.69µm
_0670_,2.67µm
_0680_,2.67µm
_0820_,2.67µm
_0998_,2.67µm
_1226_,2.67µm
_1265_,2.67µm
_0328_,2.64µm
_0406_,2.64µm
_0520_,2.64µm
_0593_,2.64µm
gen_pe\[0\].pe_inst.out_right\[4\],2.64µm
net937,2.64µm
net1021,2.64µm
net1081,2.64µm
net1117,2.64µm
_0013_,2.62µm
_0039_,2.62µm
_0040_,2.62µm
_0052_,2.62µm
_0068_,2.62µm
_0077_,2.62µm
_0087_,2.62µm
_0106_,2.62µm
_0117_,2.62µm
_0123_,2.62µm
_0127_,2.62µm
_0141_,2.62µm
_0174_,2.62µm
_0176_,2.62µm
_0183_,2.62µm
_0205_,2.62µm
_0249_,2.62µm
_0329_,2.62µm
_0367_,2.62µm
_0420_,2.62µm
_0452_,2.62µm
_0462_,2.62µm
_0538_,2.62µm
_0591_,2.62µm
_0607_,2.62µm
_0674_,2.62µm
_0714_,2.62µm
_0738_,2.62µm
_0876_,2.62µm
_0985_,2.62µm
_1003_,2.62µm
_1088_,2.62µm
_1267_,2.62µm
_1331_,2.62µm
_1347_,2.62µm
_1363_,2.62µm
_1365_,2.62µm
_1405_,2.62µm
gen_left\[0\]\[29\],2.62µm
gen_left\[0\]\[9\],2.62µm
gen_left\[2\]\[16\],2.62µm
gen_left\[4\]\[5\],2.62µm
gen_pe\[0\].pe_inst.out_right\[30\],2.62µm
gen_pe\[1\].pe_inst.out_right\[23\],2.62µm
gen_pe\[1\].pe_inst.out_right\[26\],2.62µm
gen_pe\[3\].pe_inst.out_right\[24\],2.62µm
gen_pe\[3\].pe_inst.out_right\[26\],2.62µm
gen_pe\[3\].pe_inst.out_right\[27\],2.62µm
gen_pe\[4\].pe_inst.out_right\[18\],2.62µm
gen_pe\[5\].pe_inst.out_right\[31\],2.62µm
net948,2.62µm
net956,2.62µm
net976,2.62µm
net1047,2.62µm
net1097,2.62µm
net1148,2.62µm
net1152,2.62µm
net1169,2.62µm
net1199,2.62µm
net1202,2.62µm
net1208,2.62µm
net1240,2.62µm
net1250,2.62µm
_0764_,2.57µm
_1830_,2.52µm
gen_left\[3\]\[7\],2.52µm
net942,2.52µm
gen_pe\[5\].pe_inst.out_right\[28\],2.505µm
_0681_,2.5µm
_0700_,2.5µm
_0762_,2.5µm
_0941_,2.5µm
_1069_,2.5µm
_1070_,2.5µm
_1106_,2.5µm
_1281_,2.5µm
_1283_,2.5µm
_1309_,2.5µm
_1310_,2.5µm
_1323_,2.5µm
_1568_,2.5µm
_1810_,2.5µm
_2079_,2.5µm
_2246_,2.5µm
_2283_,2.5µm
gen_left\[6\]\[19\],2.5µm
gen_left\[6\]\[22\],2.5µm
gen_left\[6\]\[23\],2.5µm
gen_pe\[2\].pe_inst.out_right\[11\],2.5µm
gen_pe\[2\].pe_inst.out_right\[30\],2.5µm
gen_pe\[2\].pe_inst.out_right\[8\],2.5µm
gen_pe\[4\].pe_inst.out_right\[11\],2.5µm
net813,2.5µm
net833,2.5µm
net971,2.5µm
net1087,2.5µm
net1177,2.5µm
net1206,2.5µm
_0711_,2.43µm
net1197,2.415µm
net865,2.4µm
net877,2.4µm
net898,2.4µm
net943,2.4µm
net955,2.4µm
net1053,2.4µm
_0645_,2.38µm
_0657_,2.38µm
_0664_,2.38µm
_0667_,2.38µm
_0713_,2.38µm
_0715_,2.38µm
_0736_,2.38µm
_0744_,2.38µm
_0774_,2.38µm
_0776_,2.38µm
_0778_,2.38µm
_0782_,2.38µm
_0785_,2.38µm
_0789_,2.38µm
_0790_,2.38µm
_0818_,2.38µm
_0848_,2.38µm
_0852_,2.38µm
_0856_,2.38µm
_0857_,2.38µm
_0858_,2.38µm
_0870_,2.38µm
_0883_,2.38µm
_0888_,2.38µm
_0889_,2.38µm
_0900_,2.38µm
_0903_,2.38µm
_0913_,2.38µm
_0914_,2.38µm
_0918_,2.38µm
_0919_,2.38µm
_0924_,2.38µm
_0944_,2.38µm
_0947_,2.38µm
_0954_,2.38µm
_0961_,2.38µm
_0967_,2.38µm
_0979_,2.38µm
_0997_,2.38µm
_1013_,2.38µm
_1029_,2.38µm
_1035_,2.38µm
_1040_,2.38µm
_1041_,2.38µm
_1062_,2.38µm
_1073_,2.38µm
_1074_,2.38µm
_1090_,2.38µm
_1103_,2.38µm
_1108_,2.38µm
_1109_,2.38µm
_1110_,2.38µm
_1142_,2.38µm
_1152_,2.38µm
_1161_,2.38µm
_1162_,2.38µm
_1169_,2.38µm
_1172_,2.38µm
_1173_,2.38µm
_1178_,2.38µm
_1187_,2.38µm
_1191_,2.38µm
_1199_,2.38µm
_1212_,2.38µm
_1227_,2.38µm
_1229_,2.38µm
_1230_,2.38µm
_1234_,2.38µm
_1238_,2.38µm
_1251_,2.38µm
_1274_,2.38µm
_1287_,2.38µm
_1292_,2.38µm
_1324_,2.38µm
_1328_,2.38µm
_1332_,2.38µm
_1371_,2.3µm
gen_left\[0\]\[18\],2.3µm
gen_left\[5\]\[13\],2.3µm
net814,2.3µm
net819,2.3µm
net863,2.3µm
net886,2.3µm
net920,2.3µm
net941,2.3µm
net984,2.3µm
net998,2.3µm
net1012,2.3µm
net1019,2.3µm
net1042,2.3µm
net1048,2.3µm
net1069,2.3µm
net1129,2.3µm
net1141,2.3µm
_0162_,2.28µm
_0166_,2.28µm
_0195_,2.28µm
_0221_,2.28µm
_0251_,2.28µm
_0257_,2.28µm
_0298_,2.28µm
_0330_,2.28µm
_0331_,2.28µm
_0352_,2.28µm
_0386_,2.28µm
_0404_,2.28µm
_0426_,2.28µm
_0437_,2.28µm
_0454_,2.28µm
_0479_,2.28µm
_0489_,2.28µm
_0517_,2.28µm
_0546_,2.28µm
_0590_,2.28µm
_0630_,2.28µm
_0692_,2.28µm
_0697_,2.28µm
_0807_,2.28µm
_1183_,2.28µm
net818,2.28µm
net827,2.28µm
net872,2.28µm
net1003,2.28µm
net1018,2.28µm
net1043,2.28µm
net1102,2.28µm
net1108,2.28µm
net1134,2.28µm
net1184,2.28µm
net1234,2.28µm
net1247,2.28µm
_0742_,2.23µm
_0754_,2.23µm
_0756_,2.23µm
_0758_,2.23µm
_0769_,2.23µm
_0772_,2.23µm
_0779_,2.23µm
_0795_,2.23µm
_0798_,2.23µm
_0814_,2.23µm
_0815_,2.23µm
_0819_,2.23µm
_0828_,2.23µm
_0829_,2.23µm
_0834_,2.23µm
_0837_,2.23µm
_0843_,2.23µm
_0844_,2.23µm
_0845_,2.23µm
_0851_,2.23µm
_0860_,2.23µm
_0869_,2.23µm
_0887_,2.23µm
_0894_,2.23µm
_0898_,2.23µm
_0901_,2.23µm
_0907_,2.23µm
_0908_,2.23µm
_0910_,2.23µm
_0922_,2.23µm
_0923_,2.23µm
_0926_,2.23µm
_0930_,2.23µm
_0936_,2.23µm
_0952_,2.23µm
_0953_,2.23µm
_0958_,2.23µm
_0965_,2.23µm
_0974_,2.23µm
_0992_,2.23µm
_0996_,2.23µm
_1020_,2.23µm
_1032_,2.23µm
_1038_,2.23µm
_1047_,2.23µm
_1080_,2.23µm
_1082_,2.23µm
_1089_,2.23µm
_1102_,2.23µm
_1104_,2.23µm
_1114_,2.23µm
_1115_,2.23µm
_1118_,2.23µm
_1119_,2.23µm
_1146_,2.23µm
_1148_,2.23µm
_1174_,2.23µm
_1176_,2.23µm
_1179_,2.23µm
_1180_,2.23µm
_1181_,2.23µm
_1184_,2.23µm
_1186_,2.23µm
net1133,2.22µm
_0812_,2.21µm
_0892_,2.21µm
_1192_,2.21µm
_1223_,2.21µm
_1278_,2.21µm
_0603_,2.205µm
net1149,2.185µm
_0093_,2.18µm
_0448_,2.18µm
_0474_,2.18µm
_0487_,2.18µm
_0534_,2.18µm
net992,2.18µm
net1074,2.18µm
_0025_,2.16µm
_0037_,2.16µm
_0054_,2.16µm
_0064_,2.16µm
_0078_,2.16µm
_0080_,2.16µm
_0085_,2.16µm
_0098_,2.16µm
_0138_,2.16µm
_0179_,2.16µm
_0186_,2.16µm
_0267_,2.16µm
_0297_,2.16µm
_0390_,2.16µm
_0391_,2.16µm
_0416_,2.16µm
_0444_,2.16µm
_0456_,2.16µm
_0478_,2.16µm
_0622_,2.16µm
_0642_,2.16µm
_0793_,2.16µm
_0802_,2.16µm
_0810_,2.16µm
_0878_,2.16µm
_0931_,2.16µm
_1015_,2.16µm
_1027_,2.16µm
_1077_,2.16µm
_1297_,2.16µm
_1333_,2.16µm
_1366_,2.16µm
_1383_,2.16µm
_1393_,2.16µm
_1396_,2.16µm
_1397_,2.16µm
_2198_,2.16µm
gen_left\[1\]\[20\],2.16µm
gen_left\[4\]\[1\],2.16µm
gen_left\[6\]\[26\],2.16µm
gen_pe\[0\].pe_inst.out_right\[0\],2.16µm
gen_pe\[0\].pe_inst.out_right\[22\],2.16µm
gen_pe\[1\].pe_inst.out_right\[6\],2.16µm
gen_pe\[5\].pe_inst.out_right\[4\],2.16µm
gen_pe\[6\].pe_inst.out_right\[19\],2.16µm
gen_pe\[6\].pe_inst.out_right\[4\],2.16µm
net841,2.16µm
net849,2.16µm
net876,2.16µm
net1049,2.16µm
net1089,2.16µm
net1161,2.16µm
net1175,2.16µm
net1185,2.16µm
net1212,2.16µm
gen_left\[6\]\[4\],2.14µm
_0017_,2.06µm
_1555_,2.06µm
_1559_,2.06µm
_1561_,2.06µm
_1596_,2.06µm
_2213_,2.06µm
_2261_,2.06µm
_0646_,2.04µm
_0684_,2.04µm
_0704_,2.04µm
_0716_,2.04µm
_0722_,2.04µm
_0723_,2.04µm
_0728_,2.04µm
_0735_,2.04µm
_0740_,2.04µm
_0743_,2.04µm
_0797_,2.04µm
_0920_,2.04µm
_1000_,2.04µm
_1063_,2.04µm
_1124_,2.04µm
_1171_,2.04µm
_1273_,2.04µm
_1334_,2.04µm
_1339_,2.04µm
_1633_,2.04µm
_1949_,2.04µm
_2156_,2.04µm
_2194_,2.04µm
gen_pe\[0\].pe_inst.out_right\[8\],2.04µm
net959,2.04µm
net1017,2.04µm
net1103,2.04µm
net1111,2.04µm
net1157,2.04µm
_2028_,1.94µm
_2046_,1.94µm
net917,1.94µm
net979,1.94µm
net991,1.94µm
net1023,1.94µm
net1052,1.94µm
net1083,1.94µm
_0266_,1.845µm
_0035_,1.84µm
_0075_,1.84µm
_1354_,1.84µm
_1404_,1.84µm
_1859_,1.84µm
_1962_,1.84µm
_2062_,1.84µm
gen_left\[0\]\[15\],1.84µm
gen_left\[1\]\[1\],1.84µm
gen_left\[3\]\[18\],1.84µm
net834,1.84µm
net911,1.84µm
net938,1.84µm
net1109,1.84µm
net1116,1.84µm
net1160,1.84µm
net1230,1.84µm
_0287_,1.82µm
_0294_,1.82µm
_0316_,1.82µm
_0395_,1.82µm
_0414_,1.82µm
_0440_,1.82µm
_0457_,1.82µm
_0558_,1.82µm
_0588_,1.82µm
_0623_,1.82µm
_0627_,1.82µm
_0703_,1.82µm
_0706_,1.82µm
_0710_,1.82µm
_0717_,1.82µm
_0720_,1.82µm
_0732_,1.82µm
_0741_,1.82µm
_0750_,1.82µm
_0757_,1.82µm
_0809_,1.82µm
_0817_,1.82µm
_0840_,1.82µm
_0859_,1.82µm
_0862_,1.82µm
_0905_,1.82µm
_0912_,1.82µm
_0917_,1.82µm
_0925_,1.82µm
_0934_,1.82µm
_0945_,1.82µm
_0966_,1.82µm
_0970_,1.82µm
_1007_,1.82µm
_1017_,1.82µm
_1037_,1.82µm
_1039_,1.82µm
_1045_,1.82µm
_1065_,1.82µm
_1066_,1.82µm
_1091_,1.82µm
_1117_,1.82µm
_1158_,1.82µm
_1175_,1.82µm
_1177_,1.82µm
_1185_,1.82µm
_1201_,1.82µm
_1218_,1.82µm
_1224_,1.82µm
_1241_,1.82µm
_1242_,1.82µm
_1246_,1.82µm
_1249_,1.82µm
_1260_,1.82µm
_1263_,1.82µm
_1266_,1.82µm
_1269_,1.82µm
_1270_,1.82µm
_1272_,1.82µm
_1277_,1.82µm
_1291_,1.82µm
_1303_,1.82µm
_1312_,1.82µm
_1338_,1.82µm
_1341_,1.82µm
_1344_,1.82µm
_1355_,1.82µm
_1356_,1.82µm
_1377_,1.82µm
_1389_,1.82µm
_1401_,1.82µm
_1406_,1.82µm
net906,1.82µm
net907,1.82µm
net990,1.82µm
net1084,1.82µm
net1121,1.82µm
net1122,1.82µm
net1138,1.82µm
net1171,1.82µm
net1223,1.82µm
net1226,1.82µm
_0665_,1.75µm
_0672_,1.75µm
_0752_,1.75µm
_0895_,1.75µm
_0902_,1.75µm
_1217_,1.75µm
_1343_,1.75µm
net826,1.725µm
net830,1.725µm
_0020_,1.72µm
_0001_,1.7µm
_0007_,1.7µm
_0031_,1.7µm
_0095_,1.7µm
_0100_,1.7µm
_0153_,1.7µm
_0156_,1.7µm
_0164_,1.7µm
_0210_,1.7µm
_0215_,1.7µm
_0494_,1.7µm
_0719_,1.7µm
_0724_,1.7µm
_0786_,1.7µm
_0816_,1.7µm
_0861_,1.7µm
_0940_,1.7µm
_0964_,1.7µm
_0981_,1.7µm
_1005_,1.7µm
_1009_,1.7µm
_1034_,1.7µm
_1051_,1.7µm
_1254_,1.7µm
_1271_,1.7µm
_1301_,1.7µm
_1929_,1.7µm
gen_left\[0\]\[1\],1.7µm
gen_left\[1\]\[26\],1.7µm
gen_left\[3\]\[23\],1.7µm
gen_left\[6\]\[18\],1.7µm
gen_pe\[1\].pe_inst.out_right\[22\],1.7µm
gen_pe\[3\].pe_inst.out_right\[30\],1.7µm
gen_pe\[5\].pe_inst.out_right\[5\],1.7µm
gen_pe\[6\].pe_inst.out_right\[15\],1.7µm
gen_pe\[6\].pe_inst.out_right\[5\],1.7µm
net847,1.7µm
net891,1.7µm
net1045,1.7µm
net1104,1.7µm
net1150,1.7µm
net1167,1.7µm
net1238,1.7µm
_1813_,1.61µm
_0314_,1.54µm
_1764_,1.48µm
net904,1.48µm
net912,1.48µm
net922,1.48µm
net975,1.48µm
net988,1.48µm
net1038,1.48µm
_0026_,1.38µm
_0063_,1.38µm
_0173_,1.38µm
_0178_,1.38µm
_1367_,1.38µm
_1375_,1.38µm
gen_left\[5\]\[6\],1.38µm
gen_pe\[0\].pe_inst.out_right\[14\],1.38µm
net846,1.38µm
net854,1.38µm
net885,1.38µm
net935,1.38µm
net1216,1.38µm
_0163_,1.36µm
_0219_,1.36µm
_0250_,1.36µm
_0258_,1.36µm
_0432_,1.36µm
_0488_,1.36µm
_0495_,1.36µm
_0592_,1.36µm
_0628_,1.36µm
_0653_,1.36µm
_0655_,1.36µm
_0663_,1.36µm
_0675_,1.36µm
_0683_,1.36µm
_0694_,1.36µm
_0696_,1.36µm
_0699_,1.36µm
_0705_,1.36µm
_0730_,1.36µm
_0746_,1.36µm
_0747_,1.36µm
_0773_,1.36µm
_0792_,1.36µm
_0805_,1.36µm
_0808_,1.36µm
_0825_,1.36µm
_0831_,1.36µm
_0855_,1.36µm
_0865_,1.36µm
_0873_,1.36µm
_0877_,1.36µm
_0880_,1.36µm
_0884_,1.36µm
_0885_,1.36µm
_0899_,1.36µm
_0904_,1.36µm
_0909_,1.36µm
_0915_,1.36µm
_0916_,1.36µm
_0959_,1.36µm
_0976_,1.36µm
_0986_,1.36µm
_0990_,1.36µm
_1004_,1.36µm
_1014_,1.36µm
_1028_,1.36µm
_1033_,1.36µm
_1042_,1.36µm
_1043_,1.36µm
_1048_,1.36µm
_1054_,1.36µm
_1055_,1.36µm
_1056_,1.36µm
_1060_,1.36µm
_1067_,1.36µm
_1075_,1.36µm
_1086_,1.36µm
_1087_,1.36µm
_1092_,1.36µm
_1094_,1.36µm
_1127_,1.36µm
_1134_,1.36µm
_1154_,1.36µm
_1157_,1.36µm
_1160_,1.36µm
_1188_,1.36µm
_1193_,1.36µm
_1194_,1.36µm
_1195_,1.36µm
_1196_,1.36µm
_1197_,1.36µm
_1209_,1.36µm
_1210_,1.36µm
_1215_,1.36µm
_1216_,1.36µm
_1231_,1.36µm
_1232_,1.36µm
_1233_,1.36µm
_1235_,1.36µm
_1237_,1.36µm
_1247_,1.36µm
_1275_,1.36µm
_1285_,1.36µm
_1289_,1.36µm
_1307_,1.36µm
_1317_,1.36µm
_1318_,1.36µm
_1335_,1.36µm
_1340_,1.36µm
net822,1.36µm
net842,1.36µm
net861,1.36µm
net921,1.36µm
net958,1.36µm
net960,1.36µm
net1022,1.36µm
net1078,1.36µm
net1091,1.36µm
net1200,1.36µm
net1204,1.36µm
net1207,1.36µm
net1219,1.36µm
gen_pe\[5\].pe_inst.out_right\[15\],1.265µm
net1077,1.265µm
net1135,1.265µm
net1143,1.265µm
_0145_,1.26µm
gen_pe\[4\].pe_inst.out_right\[29\],1.26µm
gen_left\[4\]\[24\],1.14µm
gen_pe\[0\].pe_inst.out_right\[31\],1.14µm
gen_pe\[4\].pe_inst.out_right\[16\],1.14µm
net909,1.085µm
net900,1.02µm
net1034,1.02µm
net1063,1.02µm
_0027_,0.92µm
_0028_,0.92µm
_0051_,0.92µm
_0096_,0.92µm
_0109_,0.92µm
_0110_,0.92µm
_1650_,0.92µm
gen_left\[1\]\[16\],0.92µm
gen_pe\[3\].pe_inst.out_right\[15\],0.92µm
gen_pe\[3\].pe_inst.out_right\[8\],0.92µm
gen_pe\[5\].pe_inst.out_right\[11\],0.92µm
gen_pe\[6\].pe_inst.out_right\[0\],0.92µm
net825,0.92µm
net848,0.92µm
net933,0.92µm
net957,0.92µm
net967,0.92µm
net1071,0.92µm
net1186,0.92µm
net1227,0.92µm
_0081_,0.8µm
_0125_,0.8µm
gen_left\[2\]\[18\],0.8µm
gen_left\[4\]\[18\],0.8µm
gen_left\[4\]\[2\],0.8µm
gen_left\[4\]\[6\],0.8µm
gen_pe\[0\].pe_inst.out_right\[29\],0.8µm
gen_pe\[0\].pe_inst.out_right\[2\],0.8µm
gen_pe\[2\].pe_inst.out_right\[19\],0.8µm
gen_pe\[2\].pe_inst.out_right\[29\],0.8µm
gen_pe\[4\].pe_inst.out_right\[12\],0.8µm
gen_pe\[4\].pe_inst.out_right\[23\],0.8µm
_0003_,0.46µm
_0012_,0.46µm
_0043_,0.46µm
_0044_,0.46µm
_0048_,0.46µm
_0058_,0.46µm
_0059_,0.46µm
_0065_,0.46µm
_0090_,0.46µm
_0114_,0.46µm
_0115_,0.46µm
_0119_,0.46µm
_0121_,0.46µm
_0122_,0.46µm
_0124_,0.46µm
_0131_,0.46µm
_0140_,0.46µm
_0160_,0.46µm
_0181_,0.46µm
_1349_,0.46µm
_1370_,0.46µm
_1378_,0.46µm
_1380_,0.46µm
_1381_,0.46µm
_1384_,0.46µm
_1385_,0.46µm
_1386_,0.46µm
_1387_,0.46µm
_1391_,0.46µm
_1409_,0.46µm
gen_left\[0\]\[12\],0.46µm
gen_left\[5\]\[19\],0.46µm
gen_pe\[0\].pe_inst.out_right\[28\],0.46µm
net839,0.46µm
net1170,0.46µm
net1172,0.46µm
net1174,0.46µm
net1176,0.46µm
net1181,0.46µm
net1183,0.46µm
net1191,0.46µm
net1201,0.46µm
net1209,0.46µm
net1215,0.46µm
net1220,0.46µm
net1222,0.46µm
net1225,0.46µm
net1231,0.46µm
net1233,0.46µm
net1235,0.46µm
net1249,0.46µm
net1252,0.46µm
